game_pk,f5_away_runs,f5_home_runs,f5_outcome
824541,0,0,TIE
824536,3,1,AWAY
823887,0,2,HOME
824533,7,0,AWAY
823721,2,4,HOME
824529,5,2,AWAY
824524,2,3,HOME
824682,1,0,AWAY
824520,0,4,HOME
824439,3,0,AWAY
823462,4,1,AWAY
823626,1,3,HOME
824864,4,3,AWAY
823730,6,1,AWAY
823724,0,1,HOME
823723,0,5,HOME
823795,1,8,HOME
824704,7,3,AWAY
824700,3,2,AWAY
823484,7,2,AWAY
823485,0,3,HOME
823483,1,1,TIE
822758,11,4,AWAY
822757,9,2,AWAY
822756,1,6,HOME
822755,1,2,HOME
822754,2,4,HOME
822753,3,1,AWAY
823808,2,3,HOME
823805,2,0,AWAY
823804,2,3,HOME
823400,1,5,HOME
823398,5,4,AWAY
823399,0,2,HOME
823396,4,4,TIE
822752,8,3,AWAY
822751,3,5,HOME
822750,0,3,HOME
822749,2,3,HOME
822747,3,5,HOME
822748,8,4,AWAY
822745,2,2,TIE
824611,3,1,AWAY
824613,2,0,AWAY
824612,0,0,TIE
823636,0,8,HOME
823633,9,2,AWAY
823634,3,3,TIE
822744,4,0,AWAY
822746,3,1,AWAY
822742,1,2,HOME
822743,6,2,AWAY
822740,2,3,HOME
822741,3,5,HOME
823871,3,2,AWAY
823869,4,2,AWAY
823868,2,2,TIE
824521,7,2,AWAY
824519,6,6,TIE
824517,0,9,HOME
822739,0,1,HOME
822737,0,4,HOME
822738,6,2,AWAY
822734,4,3,AWAY
822736,5,9,HOME
822735,2,4,HOME
822733,2,1,AWAY
824922,0,0,TIE
824920,2,0,AWAY
824921,1,0,AWAY
824437,8,2,AWAY
824434,4,1,AWAY
824432,1,3,HOME
822732,4,5,HOME
822731,3,1,AWAY
822729,0,3,HOME
822730,1,3,HOME
824213,6,3,AWAY
824215,6,6,TIE
824211,2,5,HOME
825025,3,5,HOME
824374,1,7,HOME
823155,7,7,TIE
823154,1,4,HOME
824209,1,3,HOME
824207,4,3,AWAY
824204,5,2,AWAY
824850,11,3,AWAY
824769,0,1,HOME
824201,8,3,AWAY
824523,1,3,HOME
824195,1,0,AWAY
824193,0,4,HOME
823704,2,0,AWAY
824679,4,0,AWAY
824676,7,3,AWAY
822896,5,1,AWAY
824191,3,4,HOME
824540,3,5,HOME
824538,2,0,AWAY
824214,0,4,HOME
824212,1,6,HOME
824786,2,2,TIE
824782,2,1,AWAY
824781,6,4,AWAY
824783,5,5,TIE
824780,0,0,TIE
824779,0,3,HOME
823076,2,3,HOME
823074,2,0,AWAY
823075,7,1,AWAY
823725,3,13,HOME
824778,0,0,TIE
824775,4,1,AWAY
824777,5,1,AWAY
824776,2,2,TIE
824773,1,0,AWAY
824774,4,0,AWAY
824770,1,2,HOME
824854,2,9,HOME
824851,7,0,AWAY
824852,3,1,AWAY
822825,3,0,AWAY
822823,0,3,HOME
822821,1,7,HOME
824772,1,3,HOME
824771,6,1,AWAY
824283,0,0,TIE
824281,10,3,AWAY
824282,4,0,AWAY
824767,3,3,TIE
824768,0,2,HOME
824765,3,0,AWAY
824764,2,0,AWAY
824763,1,1,TIE
824762,0,0,TIE
824925,0,2,HOME
824924,1,2,HOME
824923,0,7,HOME
824114,0,0,TIE
824112,2,1,AWAY
824111,2,3,HOME
824761,3,6,HOME
824760,4,1,AWAY
824759,3,4,HOME
824758,2,2,TIE
824756,0,6,HOME
824757,2,2,TIE
824433,3,4,HOME
824431,1,1,TIE
824430,3,4,HOME
823718,1,3,HOME
822989,0,2,HOME
823812,1,8,HOME
823811,1,4,HOME
823890,8,3,AWAY
823888,2,4,HOME
823889,0,8,HOME
824621,1,3,HOME
824622,0,1,HOME
824620,0,3,HOME
824619,1,0,AWAY
824618,1,2,HOME
824617,2,3,HOME
824130,1,0,AWAY
824128,0,1,HOME
824126,4,5,HOME
824616,4,3,AWAY
824615,3,0,AWAY
825019,5,1,AWAY
825020,5,3,AWAY
825018,7,1,AWAY
825097,4,8,HOME
824610,1,3,HOME
824608,1,1,TIE
823309,7,0,AWAY
823307,1,3,HOME
824040,2,4,HOME
824036,1,7,HOME
824607,6,5,AWAY
824605,1,0,AWAY
824604,2,5,HOME
824602,1,5,HOME
824599,4,4,TIE
823137,0,2,HOME
823136,0,1,HOME
823134,2,2,TIE
823220,4,8,HOME
824597,2,0,AWAY
824596,1,8,HOME
824594,2,1,AWAY
824593,1,2,HOME
824592,1,0,AWAY
824946,0,4,HOME
824945,0,0,TIE
824944,3,0,AWAY
824943,0,3,HOME
824942,5,2,AWAY
824940,1,5,HOME
825105,10,1,AWAY
825103,0,0,TIE
825104,1,2,HOME
825102,3,3,TIE
824052,1,6,HOME
824051,4,2,AWAY
824050,7,2,AWAY
824941,2,1,AWAY
824939,1,0,AWAY
824938,0,9,HOME
824937,6,4,AWAY
824935,4,3,AWAY
824936,0,2,HOME
823476,7,0,AWAY
823474,3,1,AWAY
823475,4,2,AWAY
824932,3,2,AWAY
824933,3,2,AWAY
824934,0,6,HOME
824931,0,2,HOME
824930,3,2,AWAY
824929,0,2,HOME
824366,1,6,HOME
824365,8,1,AWAY
823865,3,4,HOME
823866,3,1,AWAY
823864,5,2,AWAY
824515,4,3,AWAY
824513,3,2,AWAY
824512,2,4,HOME
823318,0,2,HOME
823316,4,6,HOME
823315,1,3,HOME
823313,0,4,HOME
824049,0,0,TIE
824369,0,0,TIE
825093,1,4,HOME
823311,5,6,HOME
823312,3,3,TIE
823227,7,4,AWAY
823306,1,1,TIE
823304,1,3,HOME
823791,0,1,HOME
823140,1,0,AWAY
823139,5,2,AWAY
823301,0,1,HOME
823298,3,3,TIE
823300,0,2,HOME
823295,0,0,TIE
823244,7,0,AWAY
823243,0,0,TIE
823241,3,1,AWAY
823320,3,0,AWAY
823322,4,3,AWAY
823321,0,2,HOME
823242,2,6,HOME
823240,5,0,AWAY
823239,8,0,AWAY
823238,1,0,AWAY
823237,2,4,HOME
823235,0,3,HOME
823234,0,0,TIE
824858,3,1,AWAY
824857,2,4,HOME
824859,1,4,HOME
824531,1,2,HOME
824532,2,8,HOME
824530,0,0,TIE
823236,1,3,HOME
823231,0,0,TIE
823233,3,0,AWAY
823232,8,3,AWAY
823229,1,1,TIE
823473,0,1,HOME
823472,2,1,AWAY
823471,2,4,HOME
822990,0,2,HOME
822988,0,4,HOME
822987,1,0,AWAY
823228,1,2,HOME
823226,1,1,TIE
823225,1,2,HOME
823224,2,1,AWAY
823221,3,2,AWAY
823953,1,2,HOME
823951,3,2,AWAY
823952,0,4,HOME
823950,2,2,TIE
825009,2,5,HOME
825007,5,1,AWAY
825006,2,1,AWAY
825087,2,12,HOME
825086,3,1,AWAY
825084,3,6,HOME
823223,9,3,AWAY
823222,3,9,HOME
823219,4,2,AWAY
823216,3,2,AWAY
823217,0,2,HOME
824353,3,1,AWAY
824352,0,5,HOME
824354,11,5,AWAY
824440,5,2,AWAY
823710,8,4,AWAY
824595,1,6,HOME
824218,0,0,TIE
824216,5,2,AWAY
824702,0,6,HOME
824699,0,0,TIE
824698,0,5,HOME
824056,0,0,TIE
824054,0,1,HOME
824053,5,6,HOME
824534,4,1,AWAY
824535,3,5,HOME
823563,4,7,HOME
823562,4,0,AWAY
823561,4,3,AWAY
823560,2,3,HOME
824048,0,8,HOME
824047,1,0,AWAY
824046,2,2,TIE
824045,0,1,HOME
824044,0,3,HOME
824124,0,5,HOME
824121,1,4,HOME
824122,6,1,AWAY
824609,4,1,AWAY
824041,0,3,HOME
824042,1,3,HOME
824043,2,1,AWAY
824039,5,0,AWAY
822822,0,2,HOME
822820,0,8,HOME
822819,4,1,AWAY
824441,0,7,HOME
824442,0,2,HOME
824438,2,3,HOME
824037,4,0,AWAY
824038,1,0,AWAY
824034,7,1,AWAY
824035,0,0,TIE
824033,6,4,AWAY
824032,3,5,HOME
824031,0,2,HOME
824029,3,6,HOME
824030,1,3,HOME
824028,1,1,TIE
824275,4,5,HOME
824270,0,3,HOME
824272,3,1,AWAY
822978,2,1,AWAY
822975,6,3,AWAY
822976,1,3,HOME
823892,3,3,TIE
822836,0,2,HOME
824376,3,8,HOME
824210,5,7,HOME
824373,7,1,AWAY
824368,4,6,HOME
823637,3,0,AWAY
824361,4,0,AWAY
823463,0,5,HOME
824360,7,1,AWAY
825083,0,0,TIE
823949,1,10,HOME
823554,1,6,HOME
823552,0,3,HOME
823873,7,4,AWAY
823870,2,3,HOME
824845,1,1,TIE
824841,0,5,HOME
822979,1,1,TIE
824842,4,6,HOME
824839,2,0,AWAY
824836,0,8,HOME
824835,0,5,HOME
824833,2,1,AWAY
824364,6,5,AWAY
823143,1,0,AWAY
823142,2,2,TIE
823141,0,1,HOME
823957,1,2,HOME
823955,6,0,AWAY
823954,4,0,AWAY
824927,2,5,HOME
824928,1,1,TIE
824926,0,0,TIE
823867,0,12,HOME
824674,3,0,AWAY
823379,1,8,HOME
823376,4,4,TIE
823378,1,0,AWAY
823053,0,5,HOME
823893,1,2,HOME
824293,0,4,HOME
823882,3,1,AWAY
823958,2,1,AWAY
822981,0,1,HOME
822811,1,2,HOME
824865,0,0,TIE
824863,4,2,AWAY
824861,3,3,TIE
823406,2,5,HOME
823404,2,1,AWAY
823405,1,6,HOME
824856,4,1,AWAY
824853,4,2,AWAY
824855,3,4,HOME
824453,0,3,HOME
824454,0,0,TIE
824452,4,6,HOME
824125,0,1,HOME
824127,3,3,TIE
824849,1,4,HOME
824848,0,5,HOME
823557,1,5,HOME
823555,3,3,TIE
823872,5,3,AWAY
824847,5,0,AWAY
824844,2,0,AWAY
822980,4,12,HOME
822977,1,1,TIE
824840,4,1,AWAY
824838,0,0,TIE
824837,1,6,HOME
824834,1,1,TIE
824832,0,6,HOME
824198,10,1,AWAY
822898,4,9,HOME
823486,0,5,HOME
823488,3,0,AWAY
824860,2,7,HOME
822920,2,0,AWAY
822918,1,1,TIE
823967,1,5,HOME
825022,1,2,HOME
825023,2,3,HOME
823152,2,0,AWAY
823150,0,5,HOME
822913,4,2,AWAY
822911,2,0,AWAY
824287,4,4,TIE
824285,0,2,HOME
823553,3,3,TIE
823551,2,1,AWAY
822904,3,1,AWAY
822901,1,0,AWAY
822900,0,3,HOME
824356,8,0,AWAY
824355,3,4,HOME
822897,2,2,TIE
822894,0,6,HOME
822893,0,3,HOME
823969,0,1,HOME
824456,1,1,TIE
825026,1,11,HOME
825027,7,0,AWAY
823153,2,6,HOME
824208,3,2,AWAY
824200,0,2,HOME
824522,2,0,AWAY
824194,0,1,HOME
824192,2,0,AWAY
822899,4,0,AWAY
824190,2,6,HOME
824187,2,0,AWAY
824862,3,1,AWAY
824451,1,3,HOME
824123,2,3,HOME
824846,3,1,AWAY
824843,6,0,AWAY
824375,1,3,HOME
823156,3,5,HOME
824206,4,1,AWAY
824205,4,1,AWAY
824450,7,2,AWAY
824448,3,2,AWAY
824449,2,0,AWAY
824203,2,1,AWAY
824199,3,1,AWAY
824197,7,2,AWAY
824196,5,1,AWAY
822838,0,1,HOME
823564,2,2,TIE
823643,1,0,AWAY
823642,1,0,AWAY
824378,2,1,AWAY
823480,2,4,HOME
823479,1,0,AWAY
823477,5,1,AWAY
824690,0,1,HOME
824689,2,5,HOME
823877,2,1,AWAY
823874,1,0,AWAY
823470,2,1,AWAY
823466,6,0,AWAY
823384,3,7,HOME
823465,2,2,TIE
823945,1,2,HOME
823649,4,9,HOME
823651,0,0,TIE
823647,2,2,TIE
823080,2,1,AWAY
823077,0,2,HOME
823078,0,0,TIE
823648,3,2,AWAY
823646,5,0,AWAY
823645,0,1,HOME
823644,7,3,AWAY
823964,0,4,HOME
823965,1,1,TIE
823963,1,2,HOME
824693,3,7,HOME
824694,1,1,TIE
824691,1,0,AWAY
823640,0,3,HOME
823641,1,2,HOME
823639,2,7,HOME
823638,1,1,TIE
823635,1,1,TIE
824363,0,0,TIE
824362,2,1,AWAY
825088,1,1,TIE
825089,1,2,HOME
823632,2,3,HOME
824202,0,7,HOME
823705,0,3,HOME
823703,1,4,HOME
824701,2,6,HOME
824458,1,1,TIE
824459,0,0,TIE
823002,2,4,HOME
822999,4,0,AWAY
824695,0,0,TIE
824697,3,1,AWAY
824696,6,3,AWAY
823481,2,9,HOME
823478,3,3,TIE
824692,1,5,HOME
824688,2,6,HOME
823960,4,8,HOME
824685,0,1,HOME
824683,2,4,HOME
824681,0,8,HOME
824600,0,7,HOME
824677,3,0,AWAY
824678,4,0,AWAY
823380,1,1,TIE
823054,1,1,TIE
823325,8,0,AWAY
825107,5,1,AWAY
824295,6,8,HOME
823728,3,5,HOME
824294,1,5,HOME
824289,1,6,HOME
824527,2,6,HOME
824284,1,5,HOME
824113,3,3,TIE
823631,2,1,AWAY
824280,2,1,AWAY
824273,0,0,TIE
823810,7,2,AWAY
823807,2,3,HOME
823806,2,2,TIE
824131,4,2,AWAY
823802,1,3,HOME
823883,3,1,AWAY
823881,0,3,HOME
824290,3,1,AWAY
824288,1,2,HOME
823799,2,2,TIE
823796,4,2,AWAY
823064,0,4,HOME
823789,0,7,HOME
823708,3,4,HOME
823787,4,3,AWAY
823785,0,6,HOME
822812,2,1,AWAY
823324,0,1,HOME
823402,0,2,HOME
823403,0,0,TIE
823319,1,1,TIE
825094,6,1,AWAY
823308,0,0,TIE
823303,6,0,AWAY
823305,2,0,AWAY
823790,2,6,HOME
823138,2,0,AWAY
823302,3,4,HOME
823299,3,0,AWAY
823297,4,0,AWAY
823296,1,0,AWAY
823294,4,2,AWAY
823722,7,1,AWAY
824614,1,1,TIE
825099,8,2,AWAY
825096,1,1,TIE
824606,1,5,HOME
824603,3,5,HOME
824601,4,3,AWAY
824598,1,3,HOME
824436,2,6,HOME
823625,7,0,AWAY
823081,1,1,TIE
823082,0,2,HOME
823079,6,4,AWAY
823809,1,0,AWAY
823732,3,3,TIE
823729,1,1,TIE
823000,6,1,AWAY
822997,2,3,HOME
822996,1,1,TIE
822998,0,3,HOME
823397,0,1,HOME
823394,5,4,AWAY
823393,2,4,HOME
822994,3,1,AWAY
822995,5,0,AWAY
822993,1,5,HOME
822992,1,3,HOME
822991,0,4,HOME
824446,0,2,HOME
824447,1,0,AWAY
824445,0,3,HOME
822984,1,3,HOME
822986,3,2,AWAY
822985,0,2,HOME
822818,7,3,AWAY
822817,3,0,AWAY
822815,0,0,TIE
822983,1,6,HOME
822982,2,5,HOME
823546,0,1,HOME
823544,0,0,TIE
822974,7,2,AWAY
823375,7,8,HOME
823373,0,9,HOME
823974,2,4,HOME
823971,4,4,TIE
823973,2,0,AWAY
825108,0,8,HOME
825106,0,1,HOME
823482,5,4,AWAY
825101,1,3,HOME
825098,1,2,HOME
825100,10,1,AWAY
823798,2,5,HOME
824686,1,6,HOME
824687,2,6,HOME
825092,0,2,HOME
825091,1,0,AWAY
825090,3,2,AWAY
825085,0,2,HOME
822903,1,7,HOME
824359,2,3,HOME
824358,7,2,AWAY
825082,1,2,HOME
825080,2,5,HOME
825081,0,7,HOME
823135,1,5,HOME
823133,0,1,HOME
823163,3,3,TIE
823162,1,3,HOME
823160,0,6,HOME
823972,1,0,AWAY
823970,2,0,AWAY
824460,1,0,AWAY
823161,0,2,HOME
824457,1,1,TIE
823072,2,2,TIE
824274,2,0,AWAY
823458,0,2,HOME
823159,0,1,HOME
823158,2,0,AWAY
823157,1,0,AWAY
822916,2,3,HOME
822915,0,3,HOME
823314,6,0,AWAY
823151,0,3,HOME
823149,1,3,HOME
823148,2,2,TIE
823147,3,2,AWAY
823069,2,2,TIE
823070,6,7,HOME
823068,1,1,TIE
823719,2,7,HOME
823716,0,1,HOME
823717,1,2,HOME
823146,4,3,AWAY
823144,1,2,HOME
823145,3,1,AWAY
824110,0,0,TIE
824109,0,4,HOME
824108,1,4,HOME
825005,7,0,AWAY
825004,4,0,AWAY
825003,5,0,AWAY
823132,0,4,HOME
823230,3,1,AWAY
824132,5,0,AWAY
823803,1,0,AWAY
823801,1,1,TIE
823797,0,5,HOME
823063,5,0,AWAY
823792,2,0,AWAY
823793,2,3,HOME
823707,1,0,AWAY
823788,0,5,HOME
823784,0,3,HOME
823783,1,0,AWAY
824539,0,2,HOME
823390,6,0,AWAY
823387,0,0,TIE
823056,2,1,AWAY
822919,2,2,TIE
823720,2,1,AWAY
824526,2,4,HOME
823388,4,15,HOME
824684,3,3,TIE
824516,1,5,HOME
824455,2,5,HOME
825015,1,4,HOME
824118,2,1,AWAY
824116,1,1,TIE
824106,10,1,AWAY
823568,2,4,HOME
823885,4,6,HOME
824297,0,2,HOME
823878,0,4,HOME
823712,0,3,HOME
823709,0,6,HOME
823622,1,3,HOME
823487,5,0,AWAY
824377,10,1,AWAY
824379,1,4,HOME
824299,0,3,HOME
824296,4,2,AWAY
823727,0,4,HOME
823726,0,7,HOME
824292,1,0,AWAY
824291,1,1,TIE
824286,1,4,HOME
824528,2,3,HOME
823962,0,4,HOME
823310,2,2,TIE
822905,0,5,HOME
822902,0,1,HOME
824136,1,5,HOME
822829,4,6,HOME
823714,1,2,HOME
823715,2,4,HOME
824443,0,4,HOME
823377,5,4,AWAY
823876,0,3,HOME
823467,10,1,AWAY
823468,3,7,HOME
823381,2,0,AWAY
823464,2,1,AWAY
823459,1,0,AWAY
823944,0,6,HOME
824537,6,1,AWAY
822839,1,2,HOME
822837,2,5,HOME
822834,2,1,AWAY
822835,0,1,HOME
825021,2,2,TIE
822910,3,2,AWAY
825017,0,1,HOME
825016,2,5,HOME
825014,5,4,AWAY
823469,0,1,HOME
825011,4,3,AWAY
825008,1,1,TIE
825002,7,1,AWAY
825000,1,2,HOME
822912,1,6,HOME
823392,3,1,AWAY
825012,5,4,AWAY
823630,3,6,HOME
823629,4,0,AWAY
823627,2,5,HOME
823628,1,1,TIE
823863,1,2,HOME
823862,0,4,HOME
823861,0,0,TIE
823624,5,0,AWAY
823623,4,6,HOME
823621,1,5,HOME
824134,2,2,TIE
823800,3,0,AWAY
824680,8,3,AWAY
823786,5,1,AWAY
825013,1,4,HOME
824120,2,4,HOME
824119,3,4,HOME
824117,4,1,AWAY
824444,1,1,TIE
824435,4,2,AWAY
824277,4,1,AWAY
824276,3,3,TIE
823461,0,0,TIE
823891,3,2,AWAY
823317,2,4,HOME
824372,3,2,AWAY
824370,5,1,AWAY
824367,1,5,HOME
824525,5,0,AWAY
823385,0,2,HOME
823383,2,7,HOME
823569,4,2,AWAY
823567,3,1,AWAY
823559,0,2,HOME
822906,4,0,AWAY
822908,1,0,AWAY
823549,4,3,AWAY
824107,2,1,AWAY
825001,13,3,AWAY
822917,1,0,AWAY
823968,4,3,AWAY
824357,2,6,HOME
822895,0,6,HOME
824135,1,2,HOME
824133,1,0,AWAY
822830,7,2,AWAY
822828,8,1,AWAY
823713,6,2,AWAY
823706,1,1,TIE
823566,2,4,HOME
823565,0,0,TIE
823558,0,7,HOME
823556,0,7,HOME
822907,0,2,HOME
823550,6,0,AWAY
823794,0,5,HOME
823548,3,5,HOME
823547,0,0,TIE
823545,1,0,AWAY
824104,2,0,AWAY
823884,1,4,HOME
823879,1,2,HOME
823956,2,0,AWAY
824129,0,1,HOME
823886,1,0,AWAY
823386,6,3,AWAY
823948,2,1,AWAY
823947,1,3,HOME
823946,0,4,HOME
823382,5,0,AWAY
823059,4,3,AWAY
822816,1,3,HOME
823389,0,8,HOME
824518,3,1,AWAY
823323,0,3,HOME
823401,3,0,AWAY
823875,7,0,AWAY
825010,1,4,HOME
823959,0,3,HOME
823055,4,5,HOME
823073,4,1,AWAY
823071,1,1,TIE
822826,1,1,TIE
822824,2,2,TIE
823880,5,1,AWAY
823391,5,3,AWAY
823065,3,0,AWAY
823060,1,3,HOME
823058,2,0,AWAY
823057,2,0,AWAY
823966,2,1,AWAY
825024,4,0,AWAY
822914,1,5,HOME
822909,6,1,AWAY
823395,0,2,HOME
823066,1,4,HOME
823067,0,3,HOME
823061,2,3,HOME
823711,0,4,HOME
824115,0,5,HOME
823961,4,2,AWAY
822809,1,1,TIE
822832,6,1,AWAY
824371,3,3,TIE
822833,1,1,TIE
822813,2,1,AWAY
822831,3,0,AWAY
822827,7,4,AWAY
824278,0,0,TIE
824279,4,0,AWAY
822814,0,1,HOME
824510,6,1,AWAY
778357,1,4,HOME
778276,7,1,AWAY
778181,6,6,TIE
778107,1,4,HOME
778034,0,0,TIE
777945,1,0,AWAY
777874,0,2,HOME
777791,1,6,HOME
777712,4,0,AWAY
777647,3,1,AWAY
777569,1,0,AWAY
777478,1,4,HOME
777407,3,1,AWAY
777328,1,4,HOME
777255,9,4,AWAY
777183,0,6,HOME
777087,1,2,HOME
777000,0,0,TIE
776928,1,3,HOME
776847,0,1,HOME
776792,0,1,HOME
776709,0,0,TIE
776622,0,8,HOME
776536,2,1,AWAY
776450,5,4,AWAY
776377,0,1,HOME
776300,0,3,HOME
776239,0,1,HOME
776153,6,2,AWAY
777880,0,1,HOME
777651,1,0,AWAY
777571,3,4,HOME
777483,2,1,AWAY
777423,5,4,AWAY
777273,6,0,AWAY
776619,2,6,HOME
776530,1,3,HOME
776243,6,0,AWAY
776163,3,0,AWAY
776255,2,2,TIE
776230,0,6,HOME
776193,3,1,AWAY
776170,2,6,HOME
776136,2,9,HOME
778555,0,1,HOME
778535,2,2,TIE
778526,0,3,HOME
778507,0,4,HOME
778491,0,3,HOME
778478,0,3,HOME
778457,4,3,AWAY
778452,0,4,HOME
778429,3,4,HOME
778392,4,5,HOME
778369,0,4,HOME
778193,2,1,AWAY
778183,0,2,HOME
778173,2,0,AWAY
778153,7,1,AWAY
778138,3,0,AWAY
778131,0,3,HOME
778118,2,5,HOME
778099,0,1,HOME
778087,1,5,HOME
778077,3,3,TIE
778058,1,1,TIE
778026,2,4,HOME
778046,0,0,TIE
778022,0,3,HOME
777995,6,0,AWAY
777980,4,0,AWAY
777962,2,1,AWAY
777959,1,3,HOME
777942,2,3,HOME
777929,1,4,HOME
777909,0,4,HOME
777907,1,2,HOME
777890,7,0,AWAY
777873,8,1,AWAY
777841,3,4,HOME
777820,5,7,HOME
777801,0,0,TIE
777793,0,2,HOME
777778,3,1,AWAY
777743,1,4,HOME
777730,6,0,AWAY
777722,0,0,TIE
777710,6,6,TIE
777696,11,2,AWAY
777679,1,3,HOME
777659,7,3,AWAY
777650,0,0,TIE
777632,3,0,AWAY
777624,0,1,HOME
777610,2,0,AWAY
777596,3,2,AWAY
777570,4,2,AWAY
777555,0,4,HOME
777544,0,4,HOME
777530,8,2,AWAY
777514,1,1,TIE
777503,2,1,AWAY
777488,3,4,HOME
777480,3,1,AWAY
777461,0,0,TIE
777445,2,2,TIE
777427,2,4,HOME
777416,2,1,AWAY
777398,3,0,AWAY
777382,6,1,AWAY
777372,3,3,TIE
777360,0,1,HOME
777331,8,9,HOME
777315,1,1,TIE
777305,2,1,AWAY
777284,10,1,AWAY
777265,1,3,HOME
777258,3,9,HOME
777245,9,0,AWAY
777228,9,2,AWAY
777213,4,2,AWAY
777191,2,3,HOME
777178,7,1,AWAY
777167,0,2,HOME
777149,1,7,HOME
777135,2,3,HOME
777112,1,0,AWAY
777091,2,3,HOME
777077,8,1,AWAY
777064,6,8,HOME
777042,1,3,HOME
777026,1,0,AWAY
777011,0,1,HOME
776997,5,0,AWAY
776979,7,2,AWAY
776969,0,1,HOME
776950,2,3,HOME
776937,1,4,HOME
776917,9,2,AWAY
776903,5,2,AWAY
776894,3,1,AWAY
776865,10,1,AWAY
776850,0,0,TIE
776837,4,0,AWAY
776822,0,2,HOME
776802,3,0,AWAY
776793,5,0,AWAY
776784,4,2,AWAY
776770,1,4,HOME
776759,7,6,AWAY
776739,2,2,TIE
776725,0,2,HOME
776708,8,6,AWAY
776678,5,0,AWAY
776659,1,5,HOME
776650,3,4,HOME
776648,3,1,AWAY
776628,1,6,HOME
776613,0,3,HOME
776597,0,7,HOME
776588,1,3,HOME
776570,0,11,HOME
776545,3,1,AWAY
776525,4,0,AWAY
776520,7,4,AWAY
776498,0,2,HOME
776482,2,5,HOME
776455,2,8,HOME
776440,2,1,AWAY
776420,1,2,HOME
776409,8,2,AWAY
776397,6,1,AWAY
776386,1,0,AWAY
776367,0,2,HOME
776351,3,0,AWAY
776336,0,0,TIE
776320,3,3,TIE
776315,5,1,AWAY
777825,5,2,AWAY
776286,0,3,HOME
776259,6,8,HOME
776252,3,0,AWAY
776221,5,8,HOME
776219,1,1,TIE
776200,2,0,AWAY
776165,8,2,AWAY
776160,4,2,AWAY
776143,7,0,AWAY
778559,0,3,HOME
778530,0,1,HOME
778462,4,2,AWAY
778419,4,7,HOME
778405,0,2,HOME
778383,4,0,AWAY
778329,2,5,HOME
778308,0,0,TIE
778269,2,5,HOME
778259,2,0,AWAY
778217,1,3,HOME
778200,1,3,HOME
778142,3,2,AWAY
778124,2,0,AWAY
778066,3,3,TIE
778031,0,4,HOME
778015,3,1,AWAY
777989,0,3,HOME
777931,1,0,AWAY
777895,0,2,HOME
777869,0,3,HOME
777858,3,2,AWAY
777800,2,3,HOME
777787,1,2,HOME
777734,3,2,AWAY
777690,0,1,HOME
777663,0,0,TIE
777630,4,2,AWAY
777622,3,1,AWAY
777546,2,4,HOME
777510,2,2,TIE
777485,1,1,TIE
777441,1,2,HOME
777428,2,1,AWAY
777397,4,5,HOME
777377,0,0,TIE
777350,0,1,HOME
777308,0,2,HOME
777285,6,4,AWAY
777221,5,4,AWAY
777206,1,1,TIE
777137,1,2,HOME
777086,2,4,HOME
777067,3,3,TIE
777040,0,1,HOME
776991,1,0,AWAY
776922,1,0,AWAY
776875,5,0,AWAY
776862,7,2,AWAY
776835,2,0,AWAY
776797,4,0,AWAY
776753,1,2,HOME
776722,2,3,HOME
776685,0,0,TIE
776643,7,3,AWAY
776629,7,7,TIE
776571,0,1,HOME
776555,3,3,TIE
776531,1,1,TIE
776472,3,1,AWAY
776449,1,3,HOME
776393,2,0,AWAY
776385,1,0,AWAY
776319,3,4,HOME
776301,1,6,HOME
776248,5,0,AWAY
776182,9,0,AWAY
776169,3,2,AWAY
778553,2,2,TIE
778550,1,2,HOME
778531,2,4,HOME
778516,0,1,HOME
778512,3,4,HOME
778483,3,0,AWAY
778470,5,3,AWAY
778463,5,8,HOME
778443,1,2,HOME
778432,2,11,HOME
778426,3,1,AWAY
778404,0,0,TIE
778386,1,1,TIE
778377,0,0,TIE
778366,0,7,HOME
778349,2,0,AWAY
778338,0,0,TIE
778328,1,15,HOME
778319,6,2,AWAY
778298,1,0,AWAY
778264,0,3,HOME
778245,2,4,HOME
778238,1,4,HOME
778224,1,4,HOME
778207,4,2,AWAY
778196,4,2,AWAY
778179,4,4,TIE
778169,6,3,AWAY
778127,7,2,AWAY
778114,4,0,AWAY
778095,2,0,AWAY
778089,1,1,TIE
778073,1,1,TIE
778063,1,3,HOME
778037,6,0,AWAY
778018,3,2,AWAY
778006,0,3,HOME
777990,0,0,TIE
777977,4,1,AWAY
777965,1,1,TIE
777951,0,12,HOME
777940,4,3,AWAY
777927,2,2,TIE
777908,2,0,AWAY
777893,6,2,AWAY
777876,7,4,AWAY
777856,1,3,HOME
777851,0,2,HOME
777831,1,1,TIE
777809,5,3,AWAY
777790,0,0,TIE
777785,2,0,AWAY
777764,0,2,HOME
777747,0,0,TIE
777736,3,2,AWAY
777719,2,1,AWAY
777706,0,5,HOME
777692,3,1,AWAY
777670,6,5,AWAY
777667,3,1,AWAY
777649,8,7,AWAY
777627,1,8,HOME
777605,8,5,AWAY
777593,2,3,HOME
777425,5,5,TIE
777417,0,3,HOME
777395,4,4,TIE
777381,4,5,HOME
777376,1,0,AWAY
777362,2,4,HOME
777345,3,0,AWAY
777323,1,9,HOME
777310,5,3,AWAY
777300,4,8,HOME
777294,3,2,AWAY
777277,0,1,HOME
777209,1,5,HOME
777179,0,4,HOME
777170,2,1,AWAY
777155,4,3,AWAY
777144,0,1,HOME
777101,1,3,HOME
777096,0,3,HOME
777075,0,1,HOME
777063,1,2,HOME
777038,6,5,AWAY
777012,3,2,AWAY
776998,2,4,HOME
776983,3,4,HOME
776961,3,2,AWAY
776954,5,1,AWAY
776935,6,1,AWAY
776895,1,6,HOME
776880,1,7,HOME
776864,1,1,TIE
776856,3,2,AWAY
776820,5,0,AWAY
776807,3,4,HOME
776789,0,3,HOME
776782,2,7,HOME
776769,2,0,AWAY
776741,1,0,AWAY
776724,1,7,HOME
776714,1,2,HOME
776236,1,3,HOME
776217,1,1,TIE
776206,4,0,AWAY
776186,0,0,TIE
776181,3,1,AWAY
776157,2,1,AWAY
776151,3,4,HOME
776688,3,2,AWAY
776686,6,2,AWAY
776670,1,4,HOME
776646,3,1,AWAY
776630,1,0,AWAY
776600,0,1,HOME
776581,2,1,AWAY
776565,9,1,AWAY
776558,4,4,TIE
776456,5,1,AWAY
776433,4,2,AWAY
776426,1,4,HOME
776366,1,5,HOME
776347,3,2,AWAY
776332,2,0,AWAY
776321,3,1,AWAY
778518,3,1,AWAY
778509,8,1,AWAY
778497,2,4,HOME
778481,1,2,HOME
778465,0,2,HOME
778435,1,2,HOME
778416,0,1,HOME
778407,2,6,HOME
778358,3,1,AWAY
778333,0,0,TIE
778324,1,1,TIE
778307,2,4,HOME
778299,0,2,HOME
778278,1,4,HOME
778270,2,2,TIE
778256,0,2,HOME
778244,0,3,HOME
778225,0,2,HOME
778223,1,2,HOME
778203,2,2,TIE
778130,1,8,HOME
778117,0,1,HOME
778084,6,3,AWAY
778053,2,6,HOME
778068,4,4,TIE
778039,2,1,AWAY
778014,0,0,TIE
778001,1,6,HOME
777982,4,3,AWAY
777968,0,1,HOME
777950,1,1,TIE
777943,0,1,HOME
777919,4,0,AWAY
777904,1,6,HOME
777888,2,1,AWAY
777878,2,2,TIE
777808,5,2,AWAY
777789,2,4,HOME
777773,1,3,HOME
777758,1,0,AWAY
777749,2,5,HOME
777718,0,3,HOME
777700,1,7,HOME
777686,3,4,HOME
777675,2,0,AWAY
777657,5,4,AWAY
777638,3,0,AWAY
777631,4,3,AWAY
777616,0,1,HOME
777604,3,1,AWAY
777583,8,2,AWAY
777528,1,5,HOME
777502,6,0,AWAY
777489,4,1,AWAY
777405,0,5,HOME
777165,1,0,AWAY
777181,3,5,HOME
777151,1,0,AWAY
777136,2,0,AWAY
777124,0,2,HOME
777061,4,2,AWAY
777054,2,3,HOME
777034,1,6,HOME
777004,6,1,AWAY
776985,0,1,HOME
776974,2,3,HOME
776947,1,1,TIE
776707,1,7,HOME
776501,6,6,TIE
776490,6,2,AWAY
776429,1,1,TIE
776405,0,1,HOME
776384,1,4,HOME
776371,4,3,AWAY
776349,0,1,HOME
776304,2,8,HOME
776276,1,5,HOME
776237,3,1,AWAY
776209,6,6,TIE
776187,6,2,AWAY
776161,2,0,AWAY
777813,1,1,TIE
777803,1,3,HOME
777783,1,3,HOME
777748,0,1,HOME
777735,0,3,HOME
777723,4,0,AWAY
777672,5,3,AWAY
777654,1,0,AWAY
777640,3,7,HOME
777619,2,4,HOME
777598,1,1,TIE
777587,3,4,HOME
777575,3,1,AWAY
777568,1,2,HOME
777554,5,1,AWAY
777535,4,1,AWAY
777523,0,4,HOME
777504,1,0,AWAY
777470,0,4,HOME
777455,1,3,HOME
777439,1,4,HOME
777424,3,0,AWAY
777402,2,4,HOME
777389,3,0,AWAY
777387,0,3,HOME
777369,1,6,HOME
777352,0,2,HOME
777342,11,0,AWAY
777333,0,2,HOME
777316,2,1,AWAY
777298,0,0,TIE
777279,2,0,AWAY
777261,4,0,AWAY
777252,3,0,AWAY
777237,5,5,TIE
777222,2,0,AWAY
777176,7,1,AWAY
777156,3,3,TIE
777147,6,5,AWAY
777133,3,3,TIE
777118,3,3,TIE
777114,0,7,HOME
777097,2,7,HOME
777083,2,0,AWAY
777069,3,8,HOME
777058,5,0,AWAY
777009,0,4,HOME
776993,3,4,HOME
776981,1,8,HOME
776971,4,2,AWAY
776955,0,4,HOME
776738,1,0,AWAY
776720,8,1,AWAY
776706,3,4,HOME
776696,7,1,AWAY
776687,8,4,AWAY
776669,0,1,HOME
776645,7,2,AWAY
776626,3,2,AWAY
776624,2,0,AWAY
776560,3,15,HOME
776552,1,1,TIE
776532,0,1,HOME
776522,0,1,HOME
776506,6,2,AWAY
776487,3,4,HOME
776473,0,1,HOME
776447,2,1,AWAY
776428,10,1,AWAY
776412,0,3,HOME
776402,2,1,AWAY
776381,3,2,AWAY
776360,10,0,AWAY
776346,6,1,AWAY
776329,2,5,HOME
776307,0,0,TIE
776268,6,1,AWAY
776258,3,2,AWAY
776238,3,0,AWAY
776180,4,1,AWAY
776156,1,1,TIE
776149,0,2,HOME
778545,4,3,AWAY
778542,3,3,TIE
778514,0,2,HOME
778485,0,3,HOME
778430,6,7,HOME
778414,4,3,AWAY
778381,2,1,AWAY
778352,0,2,HOME
778315,3,1,AWAY
778305,0,1,HOME
778237,2,2,TIE
778221,2,0,AWAY
778160,3,0,AWAY
778146,3,2,AWAY
778126,1,5,HOME
778105,0,4,HOME
778065,0,1,HOME
778051,4,0,AWAY
778019,1,0,AWAY
777947,2,4,HOME
777932,1,2,HOME
777875,1,1,TIE
777816,2,4,HOME
777756,3,2,AWAY
777726,6,6,TIE
777707,0,1,HOME
777681,4,1,AWAY
777676,0,0,TIE
777641,5,1,AWAY
777597,1,0,AWAY
777586,0,0,TIE
777543,1,1,TIE
777515,1,3,HOME
777471,3,3,TIE
777442,2,0,AWAY
777426,4,1,AWAY
777396,0,0,TIE
777312,1,0,AWAY
777239,2,1,AWAY
777207,1,2,HOME
777185,0,0,TIE
777158,2,4,HOME
777139,2,3,HOME
777062,2,1,AWAY
776992,2,1,AWAY
776959,5,6,HOME
776931,0,4,HOME
776884,0,2,HOME
776852,2,3,HOME
776838,0,2,HOME
776767,4,1,AWAY
776697,2,4,HOME
776667,1,4,HOME
776636,1,2,HOME
776617,0,3,HOME
776577,5,6,HOME
776494,3,3,TIE
778561,2,3,HOME
778540,2,2,TIE
778522,1,0,AWAY
778505,2,0,AWAY
778489,3,1,AWAY
778475,5,3,AWAY
778444,5,6,HOME
778436,1,2,HOME
778427,2,4,HOME
778410,0,0,TIE
778397,1,0,AWAY
778376,5,1,AWAY
778370,8,1,AWAY
778355,2,7,HOME
778339,1,3,HOME
778320,6,4,AWAY
778313,2,2,TIE
778296,5,4,AWAY
778279,1,5,HOME
778260,0,2,HOME
778243,3,1,AWAY
778232,1,1,TIE
778226,2,2,TIE
778210,3,1,AWAY
778198,0,0,TIE
778194,5,4,AWAY
778171,1,0,AWAY
778159,2,2,TIE
778151,2,2,TIE
778098,1,1,TIE
778082,0,4,HOME
778069,0,1,HOME
778048,1,5,HOME
778044,2,4,HOME
778027,5,3,AWAY
778020,3,1,AWAY
777992,0,3,HOME
777974,1,2,HOME
777956,4,3,AWAY
777939,2,1,AWAY
777930,3,7,HOME
777916,8,4,AWAY
777891,0,4,HOME
777879,0,0,TIE
777867,2,1,AWAY
777855,0,0,TIE
777836,1,3,HOME
777819,8,2,AWAY
777770,0,3,HOME
777755,0,3,HOME
777738,3,4,HOME
777717,2,0,AWAY
777705,0,1,HOME
777689,4,0,AWAY
777656,0,2,HOME
777633,2,3,HOME
777563,2,3,HOME
777547,3,5,HOME
777534,7,2,AWAY
777522,5,1,AWAY
777506,0,7,HOME
777498,3,5,HOME
777472,2,2,TIE
777454,4,2,AWAY
777440,1,0,AWAY
777364,3,2,AWAY
777355,2,2,TIE
777347,8,5,AWAY
777338,1,1,TIE
777327,0,0,TIE
777311,2,1,AWAY
777291,0,1,HOME
777278,2,6,HOME
777270,3,2,AWAY
777256,4,1,AWAY
777244,0,6,HOME
777227,5,1,AWAY
777210,5,1,AWAY
777199,1,1,TIE
777186,0,1,HOME
777163,2,0,AWAY
777143,2,8,HOME
777127,1,0,AWAY
777119,2,0,AWAY
777108,0,4,HOME
777094,1,0,AWAY
777079,2,7,HOME
777041,3,0,AWAY
776964,4,4,TIE
776943,1,1,TIE
776933,1,1,TIE
776926,2,0,AWAY
776911,4,5,HOME
776887,7,2,AWAY
776879,4,1,AWAY
776866,6,1,AWAY
776844,1,2,HOME
776780,0,0,TIE
776749,10,0,AWAY
776729,6,6,TIE
776711,0,0,TIE
776703,0,0,TIE
776683,4,0,AWAY
776656,1,6,HOME
776642,2,8,HOME
776634,2,2,TIE
776621,0,1,HOME
776608,2,3,HOME
776576,2,3,HOME
776557,3,7,HOME
776550,2,2,TIE
776533,6,10,HOME
776516,7,1,AWAY
776507,0,7,HOME
776492,6,0,AWAY
776486,5,2,AWAY
776467,4,5,HOME
776445,6,1,AWAY
776437,2,0,AWAY
776416,0,4,HOME
776399,4,4,TIE
776394,2,5,HOME
776374,4,0,AWAY
776350,0,1,HOME
776328,9,7,AWAY
776325,6,1,AWAY
776309,1,1,TIE
776294,5,5,TIE
776279,0,0,TIE
776271,0,0,TIE
776256,2,5,HOME
776233,4,5,HOME
776227,0,0,TIE
776220,6,5,AWAY
776211,3,7,HOME
776196,2,3,HOME
776166,3,6,HOME
776146,2,3,HOME
776137,0,2,HOME
777699,1,4,HOME
777684,0,2,HOME
777655,2,1,AWAY
777645,0,1,HOME
777628,1,3,HOME
776915,0,1,HOME
776902,0,3,HOME
776888,2,2,TIE
776831,1,3,HOME
776804,0,1,HOME
778409,1,8,HOME
778280,0,1,HOME
778235,3,1,AWAY
777123,0,3,HOME
776743,2,1,AWAY
777230,4,1,AWAY
777134,2,9,HOME
777102,1,5,HOME
776874,2,2,TIE
776827,1,7,HOME
776774,1,5,HOME
776716,2,3,HOME
776502,4,2,AWAY
776462,4,6,HOME
776411,5,3,AWAY
776355,2,5,HOME
776313,0,2,HOME
776284,7,5,AWAY
776225,2,1,AWAY
776192,1,1,TIE
776176,0,2,HOME
776141,0,0,TIE
778103,2,0,AWAY
778554,0,3,HOME
778534,0,0,TIE
778495,3,2,AWAY
778473,1,1,TIE
778447,4,4,TIE
778437,3,10,HOME
778425,2,2,TIE
778417,2,0,AWAY
778382,10,1,AWAY
778368,2,7,HOME
778351,4,0,AWAY
778306,0,0,TIE
778289,0,3,HOME
778211,6,3,AWAY
778202,2,0,AWAY
778191,3,3,TIE
778186,2,9,HOME
778166,1,4,HOME
778144,0,1,HOME
778121,0,3,HOME
778104,3,3,TIE
778101,2,4,HOME
778050,5,0,AWAY
778025,2,2,TIE
778009,0,0,TIE
778000,3,4,HOME
777986,3,0,AWAY
777973,0,5,HOME
777961,3,2,AWAY
777914,1,3,HOME
777899,4,1,AWAY
777884,5,4,AWAY
777866,4,1,AWAY
777853,4,3,AWAY
777843,5,4,AWAY
777828,6,4,AWAY
777812,2,5,HOME
777781,3,1,AWAY
777767,3,0,AWAY
777763,4,1,AWAY
777745,1,0,AWAY
777728,1,0,AWAY
777721,1,0,AWAY
777703,5,3,AWAY
777683,0,4,HOME
777614,4,5,HOME
777603,4,6,HOME
777589,3,2,AWAY
777576,0,4,HOME
777564,0,0,TIE
777542,3,0,AWAY
777539,0,2,HOME
777519,3,3,TIE
777501,2,3,HOME
777487,0,0,TIE
777476,3,0,AWAY
777466,2,2,TIE
777449,2,4,HOME
777414,1,7,HOME
777242,0,0,TIE
777231,2,3,HOME
777214,2,2,TIE
777200,4,3,AWAY
777180,9,1,AWAY
777171,5,6,HOME
777159,9,2,AWAY
777150,4,5,HOME
777131,2,6,HOME
777115,5,1,AWAY
777106,4,4,TIE
777089,3,2,AWAY
777078,6,1,AWAY
777018,3,1,AWAY
777006,1,2,HOME
776995,2,2,TIE
776977,0,4,HOME
776958,2,3,HOME
776945,2,3,HOME
776932,1,1,TIE
776916,3,2,AWAY
776898,1,0,AWAY
776885,5,0,AWAY
776867,1,4,HOME
776848,7,2,AWAY
776843,4,4,TIE
776832,4,3,AWAY
776813,6,4,AWAY
776806,2,7,HOME
776779,0,6,HOME
776763,5,5,TIE
776752,5,4,AWAY
776734,3,6,HOME
776718,1,5,HOME
776699,5,3,AWAY
776681,3,1,AWAY
776668,4,1,AWAY
776652,1,1,TIE
776640,2,1,AWAY
776618,6,0,AWAY
776605,4,1,AWAY
776592,2,0,AWAY
776575,0,6,HOME
776563,2,12,HOME
776543,0,0,TIE
776510,1,0,AWAY
776499,3,4,HOME
776488,0,1,HOME
776466,0,2,HOME
776463,3,2,AWAY
776444,9,4,AWAY
776430,8,1,AWAY
776414,1,3,HOME
776376,1,3,HOME
776345,0,1,HOME
776333,2,5,HOME
776317,1,11,HOME
776295,1,5,HOME
776291,1,5,HOME
776274,2,1,AWAY
776253,6,7,HOME
776241,1,0,AWAY
776232,1,2,HOME
776207,3,2,AWAY
776197,1,3,HOME
776178,4,1,AWAY
776155,5,0,AWAY
776135,5,1,AWAY
778266,1,2,HOME
778195,0,5,HOME
778148,7,0,AWAY
778102,1,2,HOME
778013,6,6,TIE
777993,10,1,AWAY
777934,1,3,HOME
777887,6,11,HOME
777823,7,3,AWAY
777802,2,3,HOME
777757,1,2,HOME
777751,1,2,HOME
777673,5,4,AWAY
777243,2,2,TIE
777215,4,6,HOME
777196,0,0,TIE
777128,2,3,HOME
777080,3,6,HOME
777072,4,1,AWAY
777049,2,7,HOME
776999,0,6,HOME
776179,0,6,HOME
778197,1,5,HOME
778122,0,4,HOME
778096,1,0,AWAY
778556,6,2,AWAY
778536,8,5,AWAY
778441,2,0,AWAY
778396,2,4,HOME
778362,3,2,AWAY
778344,2,4,HOME
778301,1,4,HOME
778292,2,4,HOME
778262,3,5,HOME
778222,0,5,HOME
778180,1,3,HOME
778140,0,4,HOME
778115,3,5,HOME
778062,4,5,HOME
778011,2,3,HOME
777924,4,3,AWAY
777844,0,3,HOME
777754,3,4,HOME
777613,4,5,HOME
777599,4,4,TIE
777562,0,2,HOME
777540,4,0,AWAY
777477,2,1,AWAY
777438,2,3,HOME
777406,2,1,AWAY
777380,3,0,AWAY
777343,7,8,HOME
777317,0,3,HOME
777292,3,0,AWAY
776962,2,2,TIE
776851,4,1,AWAY
776761,0,0,TIE
776750,0,5,HOME
776684,3,1,AWAY
776612,1,1,TIE
776591,2,0,AWAY
776579,1,1,TIE
776465,7,0,AWAY
776427,4,0,AWAY
776401,1,1,TIE
776372,2,2,TIE
776343,2,1,AWAY
776306,6,2,AWAY
776285,3,1,AWAY
776273,0,1,HOME
776240,0,1,HOME
776191,3,2,AWAY
776140,2,2,TIE
778520,0,0,TIE
778500,0,5,HOME
778487,1,0,AWAY
778472,5,3,AWAY
778464,0,3,HOME
778451,3,0,AWAY
778406,5,3,AWAY
778393,0,0,TIE
778384,1,1,TIE
778367,1,3,HOME
778353,0,2,HOME
778340,0,4,HOME
778322,8,0,AWAY
778311,1,6,HOME
778297,0,1,HOME
778284,4,1,AWAY
778267,2,2,TIE
778249,1,6,HOME
778233,2,2,TIE
778229,2,4,HOME
778214,1,0,AWAY
778177,3,1,AWAY
778162,2,5,HOME
778147,1,4,HOME
778137,5,3,AWAY
778120,6,1,AWAY
778092,1,0,AWAY
778076,7,3,AWAY
778060,1,4,HOME
778049,0,4,HOME
778023,4,1,AWAY
778003,1,2,HOME
777998,0,1,HOME
777985,2,1,AWAY
777967,0,3,HOME
777189,1,10,HOME
776936,0,0,TIE
776921,0,0,TIE
776907,3,2,AWAY
776882,3,1,AWAY
776869,4,1,AWAY
776853,5,2,AWAY
776842,6,2,AWAY
776834,5,0,AWAY
778431,0,3,HOME
776819,4,5,HOME
776803,1,3,HOME
776772,5,10,HOME
776756,9,6,AWAY
776748,1,1,TIE
776460,0,1,HOME
778528,1,1,TIE
778490,0,3,HOME
778440,1,6,HOME
778400,1,1,TIE
778363,1,4,HOME
778348,2,0,AWAY
778189,2,0,AWAY
778139,6,1,AWAY
778028,1,5,HOME
777938,5,6,HOME
777883,5,0,AWAY
777865,1,4,HOME
777788,4,3,AWAY
777732,0,4,HOME
777695,3,2,AWAY
777658,1,2,HOME
777636,1,12,HOME
777557,8,3,AWAY
777473,0,8,HOME
776909,3,6,HOME
776775,3,0,AWAY
776731,4,0,AWAY
776698,3,3,TIE
776633,1,7,HOME
776578,8,2,AWAY
776551,4,2,AWAY
776400,2,0,AWAY
776391,3,5,HOME
776356,0,5,HOME
776326,3,2,AWAY
776283,4,1,AWAY
776164,1,3,HOME
776287,4,4,TIE
776254,2,3,HOME
776167,0,4,HOME
776142,0,1,HOME
778562,2,1,AWAY
778354,3,6,HOME
778274,0,7,HOME
778208,3,2,AWAY
778123,1,7,HOME
778047,5,0,AWAY
777966,1,1,TIE
777889,4,0,AWAY
777798,0,3,HOME
777666,2,2,TIE
777566,3,0,AWAY
777318,3,6,HOME
777254,5,5,TIE
777109,4,5,HOME
777037,1,3,HOME
776946,3,0,AWAY
776519,5,0,AWAY
776270,4,2,AWAY
776173,2,6,HOME
777332,4,4,TIE
777248,9,2,AWAY
777234,0,4,HOME
777203,4,1,AWAY
777100,0,6,HOME
777081,0,9,HOME
777071,2,5,HOME
777055,4,3,AWAY
777032,0,1,HOME
777014,0,0,TIE
777002,0,2,HOME
776973,0,4,HOME
776953,2,8,HOME
776940,1,4,HOME
776914,0,5,HOME
776899,4,2,AWAY
776881,4,2,AWAY
776873,1,5,HOME
776825,1,6,HOME
776809,4,5,HOME
776794,3,12,HOME
776785,5,1,AWAY
776764,1,2,HOME
776746,2,3,HOME
776742,7,1,AWAY
776730,2,4,HOME
776715,5,2,AWAY
776701,0,1,HOME
776682,3,0,AWAY
776672,4,4,TIE
776658,2,1,AWAY
776635,2,4,HOME
776609,0,1,HOME
776593,0,6,HOME
776586,3,6,HOME
776572,0,1,HOME
776553,6,4,AWAY
776534,2,0,AWAY
776523,0,0,TIE
776509,1,4,HOME
776495,2,3,HOME
776481,2,0,AWAY
776468,0,2,HOME
776448,1,6,HOME
776424,1,4,HOME
776415,1,2,HOME
776337,2,0,AWAY
776324,4,2,AWAY
776246,3,2,AWAY
776213,1,0,AWAY
776185,8,0,AWAY
776152,1,5,HOME
777804,1,0,AWAY
777784,3,3,TIE
777752,1,9,HOME
777716,5,9,HOME
777669,6,4,AWAY
778283,2,0,AWAY
777946,2,15,HOME
777469,9,0,AWAY
777235,7,1,AWAY
777025,4,0,AWAY
776655,7,1,AWAY
776228,7,1,AWAY
778537,1,0,AWAY
778502,0,0,TIE
778456,2,2,TIE
778442,1,3,HOME
778371,1,1,TIE
778302,2,5,HOME
778287,6,8,HOME
778029,6,1,AWAY
777976,19,0,AWAY
777918,1,6,HOME
777897,0,5,HOME
777852,1,2,HOME
778557,1,2,HOME
778523,3,5,HOME
778453,0,3,HOME
778379,10,2,AWAY
778323,9,0,AWAY
778239,1,8,HOME
778184,0,3,HOME
778111,3,3,TIE
778080,9,0,AWAY
777981,2,2,TIE
777964,3,2,AWAY
777944,0,1,HOME
777898,3,0,AWAY
777826,1,1,TIE
777794,1,1,TIE
777702,12,1,AWAY
777590,2,2,TIE
777508,2,1,AWAY
777467,6,2,AWAY
777435,7,0,AWAY
777370,2,4,HOME
777280,1,6,HOME
777212,3,1,AWAY
777164,2,2,TIE
777107,4,1,AWAY
777048,2,4,HOME
776994,0,0,TIE
776989,2,1,AWAY
776939,2,2,TIE
776841,2,7,HOME
776781,1,1,TIE
776712,0,5,HOME
776583,0,1,HOME
776556,6,4,AWAY
776529,1,1,TIE
776388,4,2,AWAY
776364,0,2,HOME
776314,1,1,TIE
776199,1,5,HOME
776477,4,7,HOME
778108,0,2,HOME
778064,0,3,HOME
777960,0,3,HOME
777861,2,4,HOME
777739,2,1,AWAY
777664,0,1,HOME
777644,0,2,HOME
777580,4,3,AWAY
777520,2,2,TIE
777384,4,0,AWAY
777354,3,0,AWAY
777329,3,6,HOME
777266,3,5,HOME
777146,2,3,HOME
777104,3,2,AWAY
777068,5,5,TIE
777019,3,3,TIE
776975,0,4,HOME
776942,0,3,HOME
776863,2,2,TIE
776798,1,5,HOME
776766,6,4,AWAY
776623,0,9,HOME
776521,2,2,TIE
776458,0,2,HOME
776275,1,1,TIE
777839,5,0,AWAY
776189,4,1,AWAY
776147,4,3,AWAY
776811,11,3,AWAY
776776,1,0,AWAY
776733,3,0,AWAY
778391,1,3,HOME
778317,4,0,AWAY
778242,2,0,AWAY
778157,8,0,AWAY
778081,2,3,HOME
777780,0,5,HOME
777549,1,7,HOME
777309,3,0,AWAY
777240,1,0,AWAY
776951,1,9,HOME
776778,3,3,TIE
776547,4,0,AWAY
776382,2,3,HOME
778446,1,0,AWAY
778390,2,0,AWAY
778346,0,2,HOME
778032,1,2,HOME
777737,5,3,AWAY
777518,7,4,AWAY
777437,0,2,HOME
777341,1,5,HOME
777325,2,3,HOME
777313,1,8,HOME
777289,1,2,HOME
777276,0,5,HOME
777257,1,1,TIE
777250,5,3,AWAY
777241,2,7,HOME
777216,5,2,AWAY
777198,0,1,HOME
777111,3,2,AWAY
777092,3,2,AWAY
776876,0,0,TIE
776846,3,0,AWAY
776828,2,3,HOME
776817,4,3,AWAY
776799,6,5,AWAY
776736,4,6,HOME
776726,0,1,HOME
776598,3,4,HOME
776585,2,5,HOME
776566,0,4,HOME
776548,4,12,HOME
776535,8,6,AWAY
776478,1,3,HOME
776439,1,4,HOME
776404,0,4,HOME
776359,6,3,AWAY
776335,0,1,HOME
776288,6,3,AWAY
776205,2,8,HOME
776148,0,4,HOME
777720,0,0,TIE
777661,0,1,HOME
777634,0,2,HOME
777606,1,3,HOME
777524,0,3,HOME
777493,0,2,HOME
777458,6,1,AWAY
777393,8,0,AWAY
777253,0,5,HOME
777188,5,0,AWAY
777120,0,3,HOME
777074,7,1,AWAY
777059,8,2,AWAY
777030,4,6,HOME
776952,6,0,AWAY
776452,4,4,TIE
776435,0,6,HOME
778398,0,0,TIE
778325,0,7,HOME
778290,1,3,HOME
778231,0,4,HOME
778187,0,1,HOME
778167,0,2,HOME
778110,7,3,AWAY
778079,1,4,HOME
778055,4,3,AWAY
778042,0,3,HOME
777979,12,8,AWAY
777948,7,0,AWAY
777920,3,1,AWAY
777910,0,0,TIE
777882,1,1,TIE
777848,2,0,AWAY
777832,2,5,HOME
777822,2,6,HOME
777774,3,2,AWAY
777725,3,2,AWAY
777714,1,0,AWAY
777693,4,3,AWAY
777648,0,3,HOME
777608,1,0,AWAY
777567,4,1,AWAY
777550,2,8,HOME
777527,1,9,HOME
777494,1,0,AWAY
777456,2,1,AWAY
777366,0,1,HOME
777336,1,7,HOME
777320,8,2,AWAY
777269,2,2,TIE
777264,3,5,HOME
777202,4,4,TIE
777192,6,4,AWAY
777174,2,0,AWAY
777154,5,3,AWAY
777125,4,0,AWAY
777099,0,1,HOME
777007,9,2,AWAY
776976,4,0,AWAY
776849,3,6,HOME
776815,2,4,HOME
776705,5,0,AWAY
776692,0,5,HOME
776673,2,7,HOME
776587,6,1,AWAY
776489,6,0,AWAY
776464,4,1,AWAY
776432,2,0,AWAY
776418,0,1,HOME
776369,0,4,HOME
776292,2,5,HOME
776262,2,0,AWAY
776208,1,4,HOME
776195,0,4,HOME
777994,3,0,AWAY
777957,11,2,AWAY
777307,1,10,HOME
777271,2,1,AWAY
777132,2,4,HOME
777105,1,8,HOME
777057,1,5,HOME
776957,3,0,AWAY
776944,1,6,HOME
776751,6,2,AWAY
776665,2,2,TIE
776638,1,1,TIE
776590,0,0,TIE
776573,5,5,TIE
776508,5,0,AWAY
776470,0,2,HOME
776396,5,0,AWAY
776379,3,4,HOME
776340,5,5,TIE
776299,4,3,AWAY
776266,4,3,AWAY
776154,3,0,AWAY
776138,4,0,AWAY
778482,0,2,HOME
778467,0,1,HOME
778434,4,6,HOME
778347,3,0,AWAY
778252,1,9,HOME
778248,1,4,HOME
778158,1,1,TIE
778086,1,1,TIE
778059,7,2,AWAY
778005,1,2,HOME
777971,1,0,AWAY
777922,0,0,TIE
777905,0,1,HOME
776662,1,3,HOME
776500,3,5,HOME
778152,4,1,AWAY
778330,0,5,HOME
778326,0,4,HOME
778247,9,2,AWAY
778215,0,0,TIE
778161,3,3,TIE
778004,9,1,AWAY
777949,1,0,AWAY
777870,0,1,HOME
777842,4,1,AWAY
777782,11,1,AWAY
777768,4,2,AWAY
777053,3,2,AWAY
777028,0,5,HOME
776836,6,1,AWAY
776783,0,1,HOME
776758,2,5,HOME
778527,2,2,TIE
778506,0,9,HOME
778474,6,0,AWAY
778445,2,7,HOME
778433,3,1,AWAY
778402,0,0,TIE
778378,1,5,HOME
778309,5,3,AWAY
778216,1,2,HOME
778201,3,3,TIE
778178,1,1,TIE
778165,6,1,AWAY
778149,1,1,TIE
778125,1,2,HOME
778094,0,1,HOME
778033,1,0,AWAY
778012,0,2,HOME
777991,1,2,HOME
777978,0,1,HOME
777912,0,6,HOME
776830,1,2,HOME
776833,9,1,AWAY
776814,2,1,AWAY
778563,3,1,AWAY
778552,7,3,AWAY
778532,3,1,AWAY
778515,1,0,AWAY
778494,6,4,AWAY
778460,1,3,HOME
778411,0,3,HOME
778385,5,1,AWAY
778356,0,0,TIE
778345,1,0,AWAY
778331,1,1,TIE
778257,1,6,HOME
778220,4,7,HOME
778174,6,2,AWAY
778100,3,2,AWAY
778054,0,0,TIE
777952,0,5,HOME
777921,3,1,AWAY
777881,3,6,HOME
777863,3,6,HOME
777833,1,1,TIE
776757,2,0,AWAY
778504,4,0,AWAY
778421,1,7,HOME
778332,2,1,AWAY
778310,0,3,HOME
778295,0,4,HOME
778261,0,3,HOME
778253,1,1,TIE
778150,7,1,AWAY
778071,6,2,AWAY
778002,2,2,TIE
777925,2,2,TIE
777806,0,2,HOME
777668,2,2,TIE
777617,1,0,AWAY
777512,7,4,AWAY
777482,2,4,HOME
777412,4,0,AWAY
777401,9,3,AWAY
777374,0,7,HOME
777361,0,4,HOME
777339,3,7,HOME
777301,0,0,TIE
777224,2,1,AWAY
777175,1,1,TIE
777070,3,4,HOME
777050,0,0,TIE
777008,1,1,TIE
776996,5,3,AWAY
776965,3,5,HOME
776929,5,3,AWAY
776786,1,6,HOME
776771,0,6,HOME
777459,2,0,AWAY
776651,2,1,AWAY
776395,3,5,HOME
776375,2,5,HOME
776339,4,1,AWAY
776265,1,7,HOME
776231,1,4,HOME
776222,3,2,AWAY
778281,3,4,HOME
776886,5,1,AWAY
776671,7,2,AWAY
776644,8,2,AWAY
776632,0,5,HOME
778399,3,4,HOME
778085,0,1,HOME
778067,0,1,HOME
778503,1,3,HOME
778547,1,0,AWAY
778541,2,0,AWAY
778521,2,1,AWAY
778513,1,0,AWAY
778501,10,3,AWAY
778423,4,7,HOME
778395,4,9,HOME
778294,0,1,HOME
778213,7,2,AWAY
778192,3,2,AWAY
778143,2,0,AWAY
778061,2,2,TIE
778038,4,4,TIE
778024,2,2,TIE
778010,1,5,HOME
777972,1,4,HOME
777937,6,1,AWAY
777917,3,3,TIE
777765,3,3,TIE
777727,0,11,HOME
777701,5,7,HOME
777685,3,2,AWAY
777152,7,0,AWAY
777043,1,1,TIE
777033,0,1,HOME
776930,1,4,HOME
776878,1,2,HOME
776860,1,1,TIE
776840,0,4,HOME
776829,1,1,TIE
776812,1,1,TIE
776801,4,4,TIE
776777,0,3,HOME
776765,0,1,HOME
776740,8,8,TIE
776721,1,0,AWAY
776574,1,2,HOME
776503,0,2,HOME
776358,0,2,HOME
776312,3,1,AWAY
776267,4,4,TIE
776224,4,2,AWAY
776202,1,0,AWAY
776190,0,2,HOME
776171,1,1,TIE
776144,2,4,HOME
777584,3,1,AWAY
777565,1,2,HOME
777561,3,4,HOME
777537,0,1,HOME
777516,0,3,HOME
777500,0,2,HOME
777486,2,0,AWAY
777453,3,1,AWAY
777130,1,1,TIE
777045,1,4,HOME
776695,2,0,AWAY
776654,2,3,HOME
776647,0,0,TIE
776627,5,1,AWAY
776616,0,5,HOME
776604,4,3,AWAY
776564,2,2,TIE
776549,0,2,HOME
776539,4,2,AWAY
776517,1,4,HOME
776505,3,5,HOME
776493,1,5,HOME
778560,2,0,AWAY
778524,1,2,HOME
778508,0,4,HOME
778479,2,0,AWAY
778454,0,4,HOME
778438,1,4,HOME
778420,1,1,TIE
778282,3,3,TIE
778272,1,0,AWAY
778255,6,4,AWAY
778240,2,0,AWAY
778212,1,3,HOME
778199,2,3,HOME
778188,1,4,HOME
778172,1,0,AWAY
778128,2,1,AWAY
778113,3,0,AWAY
778097,4,1,AWAY
778088,0,3,HOME
778057,5,0,AWAY
778040,3,2,AWAY
777935,4,3,AWAY
777923,1,0,AWAY
777913,5,2,AWAY
777903,4,5,HOME
777877,1,3,HOME
777795,0,3,HOME
777775,0,9,HOME
777762,0,0,TIE
777746,2,1,AWAY
777662,0,1,HOME
777646,3,5,HOME
777629,2,1,AWAY
777625,1,3,HOME
777611,10,6,AWAY
777592,2,2,TIE
777484,1,7,HOME
777463,8,8,TIE
777446,1,1,TIE
777431,3,9,HOME
777420,1,7,HOME
777409,1,1,TIE
777378,4,0,AWAY
777359,3,0,AWAY
777353,2,0,AWAY
777330,9,1,AWAY
777296,4,4,TIE
777286,2,2,TIE
777247,0,1,HOME
777220,2,1,AWAY
777211,1,3,HOME
777195,2,2,TIE
777182,2,3,HOME
777110,0,5,HOME
777095,2,0,AWAY
777013,2,3,HOME
776982,0,2,HOME
776970,3,2,AWAY
776949,3,6,HOME
776938,1,0,AWAY
776927,4,7,HOME
776177,2,4,HOME
776159,0,4,HOME
776145,4,8,HOME
777731,0,2,HOME
777652,2,0,AWAY
777430,9,7,AWAY
777410,5,3,AWAY
777358,0,0,TIE
777344,1,1,TIE
777232,6,2,AWAY
777160,2,1,AWAY
777140,2,1,AWAY
777020,5,4,AWAY
776986,1,4,HOME
776968,2,0,AWAY
776919,15,10,AWAY
776904,4,0,AWAY
776872,9,1,AWAY
776854,3,2,AWAY
776660,0,5,HOME
776637,0,5,HOME
776542,9,2,AWAY
776526,3,1,AWAY
776511,2,4,HOME
776417,8,1,AWAY
776408,1,0,AWAY
776380,0,4,HOME
776357,4,1,AWAY
776341,1,9,HOME
776277,3,3,TIE
776194,1,7,HOME
778551,2,4,HOME
778517,2,8,HOME
778408,3,1,AWAY
778389,0,0,TIE
778365,0,2,HOME
778336,0,2,HOME
778164,2,5,HOME
778141,1,2,HOME
778134,1,0,AWAY
778036,3,2,AWAY
778030,0,0,TIE
777953,1,1,TIE
777933,9,7,AWAY
777901,3,2,AWAY
777885,0,0,TIE
777864,1,1,TIE
777862,0,5,HOME
777840,4,2,AWAY
777827,2,0,AWAY
777797,1,0,AWAY
777786,1,1,TIE
777766,2,2,TIE
777740,5,4,AWAY
777709,0,5,HOME
777697,2,0,AWAY
777678,1,2,HOME
777660,8,7,AWAY
777642,3,0,AWAY
777635,7,5,AWAY
777620,0,4,HOME
777601,0,0,TIE
777582,4,1,AWAY
777581,2,0,AWAY
777558,6,4,AWAY
777545,5,2,AWAY
777532,0,6,HOME
777525,1,1,TIE
777492,1,2,HOME
777447,1,2,HOME
777415,1,2,HOME
777392,1,6,HOME
777373,5,8,HOME
777357,8,0,AWAY
777348,2,0,AWAY
777349,3,0,AWAY
777299,0,7,HOME
777246,1,8,HOME
777023,7,8,HOME
777005,0,3,HOME
776980,7,0,AWAY
776934,2,0,AWAY
776244,1,2,HOME
778558,2,3,HOME
778529,3,1,AWAY
778510,3,0,AWAY
778499,2,7,HOME
778476,0,4,HOME
778375,0,3,HOME
778359,1,2,HOME
778342,4,2,AWAY
778271,5,2,AWAY
778254,1,0,AWAY
778227,0,5,HOME
778218,1,0,AWAY
778206,4,1,AWAY
778129,1,1,TIE
778116,0,0,TIE
778056,4,3,AWAY
777997,0,4,HOME
777983,1,0,AWAY
777902,3,5,HOME
777892,1,1,TIE
777829,0,1,HOME
777807,2,0,AWAY
777796,2,3,HOME
777769,4,1,AWAY
777753,4,3,AWAY
777653,3,0,AWAY
777591,0,2,HOME
777507,2,2,TIE
777429,0,3,HOME
777400,3,0,AWAY
777368,1,3,HOME
777010,1,2,HOME
776990,6,4,AWAY
776924,0,2,HOME
776905,4,4,TIE
776892,4,2,AWAY
776745,4,5,HOME
776641,1,1,TIE
776611,0,4,HOME
776601,4,0,AWAY
776584,0,3,HOME
776580,3,2,AWAY
776474,7,1,AWAY
776451,5,0,AWAY
776438,2,1,AWAY
776421,0,1,HOME
776413,0,9,HOME
776361,0,2,HOME
776348,1,2,HOME
776331,2,2,TIE
776303,2,1,AWAY
776296,1,0,AWAY
776263,2,0,AWAY
776218,1,0,AWAY
776204,1,3,HOME
776175,4,2,AWAY
776158,2,2,TIE
778136,2,7,HOME
778109,2,4,HOME
778401,3,6,HOME
778341,1,5,HOME
778263,1,0,AWAY
778106,1,1,TIE
777987,7,2,AWAY
777818,0,1,HOME
777777,2,1,AWAY
777741,0,0,TIE
777460,4,3,AWAY
777443,3,0,AWAY
777421,1,1,TIE
777340,4,1,AWAY
777322,1,2,HOME
777223,5,2,AWAY
777098,0,0,TIE
776897,2,0,AWAY
776845,2,2,TIE
776810,0,1,HOME
776735,3,0,AWAY
776710,6,1,AWAY
776666,2,3,HOME
776538,3,2,AWAY
776251,0,1,HOME
776226,3,0,AWAY
778496,8,4,AWAY
778486,3,0,AWAY
778469,2,3,HOME
778360,1,3,HOME
778334,1,2,HOME
778316,4,6,HOME
778304,4,0,AWAY
778285,4,2,AWAY
778273,1,3,HOME
778258,2,2,TIE
778241,6,3,AWAY
778154,0,10,HOME
778083,8,0,AWAY
778070,1,1,TIE
778052,1,6,HOME
777984,5,1,AWAY
777970,2,3,HOME
777958,5,1,AWAY
777941,7,2,AWAY
777926,0,1,HOME
777915,0,2,HOME
777896,3,0,AWAY
777868,3,1,AWAY
777857,1,0,AWAY
777846,0,1,HOME
777830,3,4,HOME
777713,2,4,HOME
777680,0,0,TIE
777577,0,2,HOME
777559,0,4,HOME
777548,2,0,AWAY
777495,0,6,HOME
777436,2,4,HOME
777419,6,10,HOME
777403,5,4,AWAY
777388,6,0,AWAY
777375,5,5,TIE
777363,0,0,TIE
777356,0,2,HOME
777302,0,1,HOME
777297,1,5,HOME
777281,5,3,AWAY
777262,1,0,AWAY
777251,0,1,HOME
777236,0,3,HOME
777225,0,0,TIE
777205,0,0,TIE
777187,0,1,HOME
777184,2,6,HOME
777169,2,0,AWAY
777161,4,1,AWAY
777145,7,4,AWAY
777121,2,2,TIE
777035,0,0,TIE
777024,6,2,AWAY
776923,0,3,HOME
776908,3,2,AWAY
776883,3,5,HOME
776857,1,3,HOME
776824,1,0,AWAY
776805,1,6,HOME
776791,3,4,HOME
776689,0,6,HOME
776680,1,4,HOME
776620,1,0,AWAY
776602,1,11,HOME
776595,4,9,HOME
776561,0,4,HOME
776537,0,1,HOME
776504,0,5,HOME
776485,3,2,AWAY
776476,0,9,HOME
776373,1,1,TIE
776362,4,4,TIE
776302,10,1,AWAY
776289,2,3,HOME
776272,1,0,AWAY
776212,1,1,TIE
776168,2,1,AWAY
776150,2,3,HOME
776139,4,0,AWAY
778450,0,4,HOME
778361,0,6,HOME
778288,1,2,HOME
778090,5,3,AWAY
778045,0,2,HOME
778041,2,2,TIE
777955,1,6,HOME
777845,0,3,HOME
777837,0,2,HOME
777742,6,7,HOME
777691,3,0,AWAY
777579,6,6,TIE
777560,0,5,HOME
777521,1,5,HOME
777491,4,2,AWAY
777490,2,6,HOME
777457,1,3,HOME
777413,1,2,HOME
777346,0,8,HOME
777306,0,4,HOME
777290,1,4,HOME
777162,6,1,AWAY
777126,4,3,AWAY
777117,1,0,AWAY
777052,1,2,HOME
776906,1,4,HOME
776896,6,4,AWAY
776727,1,2,HOME
776717,0,6,HOME
776603,1,2,HOME
776541,2,7,HOME
776513,0,6,HOME
776480,5,2,AWAY
776442,0,2,HOME
776431,10,2,AWAY
776407,2,0,AWAY
776392,2,2,TIE
776365,0,2,HOME
776264,2,4,HOME
776250,1,2,HOME
776235,3,0,AWAY
776214,0,6,HOME
776198,1,0,AWAY
777450,8,3,AWAY
777391,4,4,TIE
777321,0,5,HOME
777201,0,7,HOME
777085,5,4,AWAY
776978,2,1,AWAY
776956,1,5,HOME
776676,1,3,HOME
776546,0,0,TIE
776527,0,0,TIE
776471,1,6,HOME
776459,0,0,TIE
776441,2,0,AWAY
777761,0,5,HOME
777595,1,1,TIE
777552,0,4,HOME
777513,1,1,TIE
777432,4,2,AWAY
777177,0,3,HOME
777060,0,3,HOME
776737,1,1,TIE
776554,1,1,TIE
776479,0,2,HOME
776318,3,0,AWAY
776249,0,2,HOME
778468,0,1,HOME
778374,3,5,HOME
778219,2,1,AWAY
777834,1,2,HOME
777779,3,8,HOME
777704,0,0,TIE
777623,3,2,AWAY
777517,7,1,AWAY
777505,2,2,TIE
777233,1,1,TIE
777217,1,1,TIE
777168,0,2,HOME
776963,2,4,HOME
776768,0,4,HOME
776704,1,2,HOME
776434,2,9,HOME
776422,3,0,AWAY
776354,1,6,HOME
776334,2,2,TIE
776260,1,10,HOME
776229,6,4,AWAY
776172,3,3,TIE
778539,1,1,TIE
778318,5,1,AWAY
778291,6,3,AWAY
778132,0,5,HOME
778075,4,4,TIE
778035,1,2,HOME
778017,0,0,TIE
777850,1,1,TIE
777465,4,1,AWAY
777303,1,2,HOME
777238,2,2,TIE
777208,2,1,AWAY
777157,0,4,HOME
776960,0,2,HOME
776925,6,4,AWAY
776891,1,6,HOME
776614,0,4,HOME
776201,1,6,HOME
777602,2,2,TIE
777479,3,2,AWAY
777383,1,1,TIE
777871,2,2,TIE
777821,3,0,AWAY
778412,1,3,HOME
778388,1,0,AWAY
778373,1,1,TIE
778335,1,2,HOME
778007,2,1,AWAY
777799,1,1,TIE
777772,0,1,HOME
777643,3,1,AWAY
777615,4,3,AWAY
777600,2,2,TIE
777585,3,6,HOME
777556,2,6,HOME
777533,7,1,AWAY
777474,2,4,HOME
777452,9,4,AWAY
777434,1,0,AWAY
777334,2,0,AWAY
777324,2,6,HOME
777314,0,3,HOME
777275,2,1,AWAY
777263,0,4,HOME
777190,0,2,HOME
777173,2,4,HOME
777166,6,1,AWAY
777113,1,1,TIE
777051,1,3,HOME
777039,3,3,TIE
777022,1,1,TIE
776913,3,0,AWAY
776912,2,0,AWAY
776890,0,1,HOME
776877,3,3,TIE
776800,3,2,AWAY
776342,4,6,HOME
776311,1,3,HOME
776297,0,4,HOME
776280,0,3,HOME
776215,0,3,HOME
776188,0,1,HOME
778519,2,1,AWAY
776419,9,1,AWAY
776387,1,0,AWAY
778546,2,4,HOME
778544,2,0,AWAY
778458,1,6,HOME
778424,1,5,HOME
778403,0,5,HOME
778387,0,0,TIE
778277,1,5,HOME
778265,0,3,HOME
778246,2,2,TIE
778228,4,6,HOME
778209,0,2,HOME
778168,1,3,HOME
778155,0,3,HOME
777996,0,2,HOME
777969,5,0,AWAY
777906,4,0,AWAY
777886,1,0,AWAY
777694,0,0,TIE
777677,1,0,AWAY
777674,8,0,AWAY
777639,4,4,TIE
777626,0,1,HOME
777609,3,1,AWAY
777594,0,4,HOME
777573,5,1,AWAY
777538,2,3,HOME
777475,3,3,TIE
777451,1,9,HOME
777386,4,7,HOME
777371,3,0,AWAY
777351,0,3,HOME
777226,0,0,TIE
777073,1,0,AWAY
777044,3,5,HOME
777029,0,6,HOME
777021,0,1,HOME
777016,6,1,AWAY
777003,0,0,TIE
776987,0,3,HOME
776861,6,1,AWAY
776773,1,5,HOME
776754,0,0,TIE
776744,2,3,HOME
776732,7,0,AWAY
776700,1,8,HOME
776649,3,1,AWAY
776625,1,3,HOME
776615,6,7,HOME
776540,4,3,AWAY
776383,2,0,AWAY
776368,1,9,HOME
778525,1,2,HOME
778133,12,0,AWAY
778072,2,0,AWAY
777588,1,4,HOME
777365,6,0,AWAY
777076,4,2,AWAY
776889,0,0,TIE
776677,10,2,AWAY
776631,6,3,AWAY
776378,4,6,HOME
776338,1,3,HOME
776316,0,1,HOME
776305,6,3,AWAY
776269,0,3,HOME
776203,3,0,AWAY
778119,9,0,AWAY
778016,0,3,HOME
778275,1,6,HOME
778043,0,2,HOME
778008,0,4,HOME
777928,2,0,AWAY
777900,3,6,HOME
777872,1,1,TIE
777267,4,2,AWAY
777090,2,4,HOME
777017,0,11,HOME
776702,1,0,AWAY
776639,4,4,TIE
776607,0,7,HOME
776599,0,6,HOME
776569,8,1,AWAY
776544,5,1,AWAY
776484,3,3,TIE
776469,1,2,HOME
776425,3,4,HOME
776216,0,1,HOME
776184,3,4,HOME
777936,2,2,TIE
776352,4,6,HOME
776308,4,1,AWAY
776282,0,1,HOME
778533,2,4,HOME
778448,2,1,AWAY
778418,2,3,HOME
778234,0,0,TIE
778205,5,7,HOME
777988,8,8,TIE
777838,0,1,HOME
777698,1,14,HOME
777682,6,1,AWAY
777379,6,3,AWAY
777335,5,4,AWAY
777319,0,6,HOME
777103,1,0,AWAY
776941,2,2,TIE
776901,0,3,HOME
776870,1,1,TIE
776858,2,5,HOME
776823,1,2,HOME
776788,1,3,HOME
776594,0,3,HOME
776496,4,4,TIE
776454,0,1,HOME
776518,3,5,HOME
776475,6,5,AWAY
778182,0,3,HOME
778078,0,7,HOME
777894,0,5,HOME
777715,5,1,AWAY
777621,4,4,TIE
777578,1,2,HOME
777499,2,6,HOME
777481,3,2,AWAY
777015,2,2,TIE
776988,3,4,HOME
777129,7,0,AWAY
778185,0,0,TIE
778156,1,9,HOME
777810,0,3,HOME
777759,2,1,AWAY
777724,0,0,TIE
777665,7,1,AWAY
777637,0,8,HOME
777531,0,4,HOME
777462,0,2,HOME
777448,7,1,AWAY
777408,1,1,TIE
777295,2,1,AWAY
777283,2,4,HOME
777274,6,8,HOME
777260,3,6,HOME
777172,1,2,HOME
777116,1,6,HOME
777066,1,4,HOME
777046,4,2,AWAY
777027,2,4,HOME
776966,4,10,HOME
778372,3,4,HOME
776948,3,5,HOME
776920,5,1,AWAY
776900,0,3,HOME
776893,1,2,HOME
776808,0,3,HOME
776747,0,0,TIE
776723,1,11,HOME
776694,2,2,TIE
776679,5,1,AWAY
776661,1,2,HOME
776582,0,4,HOME
776567,8,5,AWAY
776515,4,8,HOME
776491,10,8,AWAY
776457,5,1,AWAY
776436,1,2,HOME
776423,3,4,HOME
776322,1,4,HOME
776290,1,1,TIE
776245,0,2,HOME
778498,1,0,AWAY
778439,7,5,AWAY
778250,12,1,AWAY
777963,0,4,HOME
777859,1,1,TIE
777811,2,6,HOME
777733,0,2,HOME
777671,3,2,AWAY
777433,0,1,HOME
777390,1,4,HOME
777197,7,1,AWAY
776967,3,1,AWAY
776562,1,4,HOME
776327,3,4,HOME
778145,2,8,HOME
777975,0,1,HOME
776524,5,2,AWAY
777835,1,1,TIE
778548,4,1,AWAY
778493,0,6,HOME
778461,7,1,AWAY
778449,8,4,AWAY
778428,1,4,HOME
778415,1,4,HOME
778163,3,3,TIE
778135,4,0,AWAY
778112,3,2,AWAY
777847,0,0,TIE
777814,4,2,AWAY
777776,3,1,AWAY
777744,0,6,HOME
777464,4,2,AWAY
777404,2,7,HOME
777194,1,1,TIE
776755,3,6,HOME
776719,1,1,TIE
776589,4,6,HOME
776453,1,2,HOME
776234,0,10,HOME
776443,2,0,AWAY
776353,1,1,TIE
776278,3,0,AWAY
776223,0,4,HOME
776174,3,6,HOME
776162,0,6,HOME
778170,1,1,TIE
776559,0,5,HOME
776410,5,0,AWAY
778538,6,16,HOME
778477,1,1,TIE
777860,1,4,HOME
777688,1,2,HOME
776406,0,4,HOME
778413,5,1,AWAY
778093,0,0,TIE
777771,2,5,HOME
778021,6,0,AWAY
776918,5,0,AWAY
776762,0,5,HOME
778175,6,1,AWAY
778190,4,6,HOME
777817,1,0,AWAY
777399,2,4,HOME
776693,2,2,TIE
776610,0,4,HOME
776389,0,5,HOME
776323,1,7,HOME
776293,3,0,AWAY
778176,3,0,AWAY
777607,1,1,TIE
777526,0,0,TIE
777497,2,2,TIE
777288,0,0,TIE
777204,2,7,HOME
776871,5,4,AWAY
776790,0,3,HOME
776713,6,5,AWAY
776664,2,0,AWAY
776363,2,0,AWAY
776344,4,1,AWAY
776298,10,4,AWAY
776257,5,0,AWAY
778492,2,4,HOME
778466,3,9,HOME
778380,0,7,HOME
778303,2,1,AWAY
778236,1,1,TIE
777999,0,5,HOME
777824,1,0,AWAY
777218,4,0,AWAY
778337,3,3,TIE
778321,0,5,HOME
778314,1,0,AWAY
778293,0,1,HOME
778204,1,3,HOME
778484,4,0,AWAY
778327,1,4,HOME
778312,2,0,AWAY
778300,3,3,TIE
778074,1,2,HOME
777849,0,2,HOME
777708,5,2,AWAY
777572,5,1,AWAY
777551,5,0,AWAY
777536,0,0,TIE
777422,0,8,HOME
777385,3,0,AWAY
777337,0,3,HOME
777326,1,0,AWAY
777153,0,5,HOME
777142,4,0,AWAY
777122,1,1,TIE
777001,4,1,AWAY
776910,0,2,HOME
776855,0,0,TIE
776760,1,1,TIE
776514,2,1,AWAY
776398,2,2,TIE
776330,3,6,HOME
777815,2,1,AWAY
776281,4,2,AWAY
778091,6,0,AWAY
777444,0,1,HOME
777082,6,0,AWAY
777293,0,1,HOME
777141,0,0,TIE
777093,0,1,HOME
777805,0,3,HOME
777792,4,2,AWAY
777618,2,2,TIE
777418,0,4,HOME
777138,2,2,TIE
776972,2,4,HOME
776728,1,2,HOME
777760,6,0,AWAY
777750,2,2,TIE
777687,0,5,HOME
777612,1,13,HOME
776796,1,2,HOME
778564,6,3,AWAY
778268,1,2,HOME
777219,0,11,HOME
776818,9,0,AWAY
776795,2,2,TIE
778459,0,1,HOME
778251,3,2,AWAY
777954,3,0,AWAY
777854,7,1,AWAY
777304,2,1,AWAY
777193,1,2,HOME
776839,1,3,HOME
776461,0,5,HOME
778549,2,5,HOME
777509,2,2,TIE
776596,1,6,HOME
777084,1,5,HOME
776787,4,1,AWAY
776653,6,2,AWAY
778488,0,2,HOME
778455,2,3,HOME
778286,0,4,HOME
778471,8,2,AWAY
777496,0,2,HOME
777411,4,0,AWAY
776674,5,3,AWAY
776497,3,1,AWAY
776483,1,0,AWAY
777282,2,5,HOME
777553,1,6,HOME
778343,0,4,HOME
777729,3,0,AWAY
777541,0,2,HOME
778394,4,1,AWAY
777468,5,1,AWAY
776690,1,4,HOME
777711,5,3,AWAY
777511,3,0,AWAY
777047,0,3,HOME
776512,4,0,AWAY
777287,2,3,HOME
776826,0,3,HOME
776691,2,5,HOME
777259,0,0,TIE
777229,3,2,AWAY
777065,7,4,AWAY
776310,0,1,HOME
776261,2,3,HOME
776247,2,1,AWAY
777911,3,0,AWAY
777367,4,1,AWAY
778422,0,4,HOME
778511,0,6,HOME
778480,1,0,AWAY
777268,0,6,HOME
776821,4,1,AWAY
776242,2,2,TIE
776210,2,1,AWAY
776183,1,0,AWAY
776390,0,5,HOME
777272,0,1,HOME
776606,0,5,HOME
776568,0,1,HOME
778350,2,0,AWAY
777574,2,4,HOME
778543,1,6,HOME
777031,6,2,AWAY
776663,1,3,HOME
777529,3,1,AWAY
777148,1,2,HOME
776446,1,2,HOME
776403,0,2,HOME
776370,2,1,AWAY
776816,1,0,AWAY
777056,1,3,HOME
777036,1,2,HOME
778364,3,0,AWAY
776868,0,4,HOME
776859,6,4,AWAY
776528,1,1,TIE
776984,0,3,HOME
777088,0,4,HOME
776675,2,1,AWAY
776657,4,5,HOME
777249,2,1,AWAY
777394,0,4,HOME
778230,0,3,HOME
745600,0,2,HOME
746734,3,1,AWAY
746812,6,1,AWAY
745267,1,1,TIE
746722,1,7,HOME
745022,0,4,HOME
746720,2,0,AWAY
745340,3,2,AWAY
747203,1,1,TIE
746716,0,2,HOME
746709,3,0,AWAY
746548,8,3,AWAY
746703,1,4,HOME
745976,0,3,HOME
746698,2,3,HOME
745162,10,2,AWAY
745728,3,0,AWAY
746692,0,2,HOME
746687,5,7,HOME
744831,2,2,TIE
745059,0,4,HOME
746679,2,0,AWAY
746031,0,6,HOME
746682,1,6,HOME
746676,4,0,AWAY
746737,0,7,HOME
746736,2,4,HOME
746739,3,3,TIE
744875,2,1,AWAY
744869,2,4,HOME
744870,7,2,AWAY
744874,3,0,AWAY
745357,3,1,AWAY
745355,1,5,HOME
745679,0,1,HOME
745676,1,0,AWAY
745681,4,1,AWAY
746158,6,2,AWAY
746157,2,4,HOME
746159,2,0,AWAY
744872,4,2,AWAY
744865,1,2,HOME
744866,0,5,HOME
744863,0,1,HOME
744864,6,2,AWAY
744867,1,0,AWAY
746078,0,1,HOME
746075,6,1,AWAY
746077,9,7,AWAY
746074,3,0,AWAY
745018,1,2,HOME
745023,1,0,AWAY
745021,0,3,HOME
744868,3,1,AWAY
744862,4,0,AWAY
744861,8,7,AWAY
744859,0,1,HOME
744858,1,1,TIE
746964,3,1,AWAY
746963,2,2,TIE
746965,2,3,HOME
746796,3,3,TIE
746799,0,3,HOME
746795,0,1,HOME
745579,2,4,HOME
745581,2,1,AWAY
745577,3,6,HOME
744857,1,7,HOME
744860,6,0,AWAY
744856,1,0,AWAY
744853,1,3,HOME
744851,1,1,TIE
744855,4,1,AWAY
747118,6,0,AWAY
747115,0,0,TIE
747117,3,1,AWAY
747114,3,1,AWAY
746635,0,2,HOME
744850,5,1,AWAY
744852,2,0,AWAY
744844,0,0,TIE
744845,0,2,HOME
744848,1,5,HOME
744849,2,8,HOME
746464,3,4,HOME
746462,5,1,AWAY
746465,1,1,TIE
744847,1,7,HOME
744846,0,2,HOME
744839,1,2,HOME
744843,4,0,AWAY
746540,9,5,AWAY
746541,3,4,HOME
746536,0,1,HOME
745397,2,3,HOME
745399,4,5,HOME
745400,0,4,HOME
745070,0,2,HOME
745071,2,1,AWAY
745072,0,4,HOME
744840,0,2,HOME
744838,0,2,HOME
744837,5,1,AWAY
744834,0,0,TIE
744836,3,5,HOME
744835,5,13,HOME
744832,6,2,AWAY
744833,2,0,AWAY
745803,0,4,HOME
745796,2,1,AWAY
745799,0,5,HOME
745965,4,2,AWAY
745963,3,5,HOME
745962,2,7,HOME
744829,1,7,HOME
744830,4,3,AWAY
744828,2,0,AWAY
744824,12,3,AWAY
744827,3,0,AWAY
745146,5,6,HOME
745150,2,0,AWAY
745145,2,2,TIE
747172,6,2,AWAY
747167,0,11,HOME
747170,1,1,TIE
744825,3,3,TIE
744823,1,6,HOME
744826,0,1,HOME
744821,4,0,AWAY
744817,5,8,HOME
744822,5,3,AWAY
744819,2,2,TIE
744820,4,2,AWAY
747004,4,2,AWAY
747000,1,2,HOME
745545,1,9,HOME
745542,0,2,HOME
745537,1,1,TIE
745539,3,2,AWAY
744814,1,0,AWAY
744812,0,5,HOME
744815,0,2,HOME
747080,2,1,AWAY
747077,2,1,AWAY
747078,1,0,AWAY
744813,2,0,AWAY
744811,0,3,HOME
744810,7,3,AWAY
744808,4,3,AWAY
744806,4,1,AWAY
746020,4,1,AWAY
746019,0,0,TIE
745455,2,0,AWAY
745456,2,4,HOME
745453,2,6,HOME
744807,8,0,AWAY
744804,0,4,HOME
744805,2,3,HOME
745772,1,6,HOME
745771,0,9,HOME
746823,3,5,HOME
746824,0,1,HOME
746410,1,3,HOME
746413,3,1,AWAY
745031,2,2,TIE
745034,10,5,AWAY
746326,3,3,TIE
746322,1,9,HOME
746405,2,2,TIE
746406,2,1,AWAY
746401,2,3,HOME
746887,1,0,AWAY
746560,4,2,AWAY
746561,4,2,AWAY
746398,3,8,HOME
746395,2,0,AWAY
745748,4,2,AWAY
746479,0,2,HOME
746393,2,3,HOME
746396,0,1,HOME
746388,4,5,HOME
746392,1,5,HOME
746385,4,2,AWAY
746386,2,1,AWAY
745663,6,2,AWAY
745653,5,0,AWAY
745258,2,1,AWAY
745250,1,1,TIE
746384,0,5,HOME
746383,2,3,HOME
746380,2,7,HOME
746223,4,0,AWAY
746216,3,4,HOME
745327,3,1,AWAY
746378,0,0,TIE
746781,2,1,AWAY
746782,1,3,HOME
746375,3,5,HOME
745802,4,0,AWAY
744914,1,0,AWAY
744915,1,1,TIE
745884,3,4,HOME
745883,2,2,TIE
746368,1,2,HOME
746367,3,6,HOME
746371,0,3,HOME
745228,3,0,AWAY
745229,1,0,AWAY
745634,3,1,AWAY
746361,0,4,HOME
746362,4,0,AWAY
746360,0,2,HOME
746363,4,3,AWAY
746354,2,2,TIE
744982,1,1,TIE
744981,2,0,AWAY
746927,1,3,HOME
746922,1,1,TIE
745055,2,1,AWAY
745053,1,0,AWAY
746355,1,4,HOME
746359,0,0,TIE
746995,4,2,AWAY
746994,3,3,TIE
745538,2,1,AWAY
746352,0,2,HOME
746353,0,1,HOME
746347,0,3,HOME
746664,0,0,TIE
746344,3,5,HOME
746346,2,0,AWAY
746337,0,2,HOME
746181,4,3,AWAY
745366,2,0,AWAY
746341,1,1,TIE
746339,0,4,HOME
746336,3,4,HOME
746580,5,0,AWAY
746418,3,4,HOME
746412,0,1,HOME
746409,0,5,HOME
746411,0,1,HOME
745033,0,7,HOME
745032,3,0,AWAY
746323,2,8,HOME
746404,2,5,HOME
746888,2,5,HOME
746889,2,4,HOME
745254,2,3,HOME
745249,3,0,AWAY
746382,4,2,AWAY
746379,3,2,AWAY
746220,1,1,TIE
745334,0,0,TIE
745328,1,5,HOME
745278,1,1,TIE
745279,4,1,AWAY
745675,8,0,AWAY
745680,3,4,HOME
745678,1,0,AWAY
746248,1,0,AWAY
746251,3,0,AWAY
746980,0,5,HOME
746977,1,2,HOME
746979,2,7,HOME
746975,2,3,HOME
746974,0,0,TIE
746976,5,1,AWAY
746973,0,2,HOME
746970,4,1,AWAY
745518,5,0,AWAY
745515,2,1,AWAY
745514,4,1,AWAY
746647,0,0,TIE
746649,3,0,AWAY
746646,2,5,HOME
746971,0,9,HOME
746967,0,2,HOME
746968,0,4,HOME
746966,2,5,HOME
746969,1,1,TIE
745914,0,1,HOME
745911,1,2,HOME
745913,3,1,AWAY
747126,0,2,HOME
747127,0,5,HOME
746961,4,3,AWAY
746962,1,3,HOME
746960,1,2,HOME
746959,5,4,AWAY
745178,3,5,HOME
745177,1,1,TIE
745179,7,1,AWAY
745093,5,0,AWAY
745090,1,2,HOME
745089,5,3,AWAY
746956,6,1,AWAY
746958,5,0,AWAY
746957,1,1,TIE
747033,4,3,AWAY
747031,1,5,HOME
746954,1,0,AWAY
746955,1,5,HOME
746952,1,3,HOME
746953,1,3,HOME
746700,1,3,HOME
746699,4,1,AWAY
746941,1,2,HOME
746943,9,2,AWAY
746942,0,0,TIE
746939,9,1,AWAY
746940,10,0,AWAY
746938,0,4,HOME
746047,5,1,AWAY
746043,1,0,AWAY
745725,1,3,HOME
745724,4,10,HOME
745723,0,0,TIE
746937,2,11,HOME
746934,3,0,AWAY
746935,0,5,HOME
746936,5,1,AWAY
746930,0,5,HOME
746932,2,4,HOME
746123,1,0,AWAY
746121,2,1,AWAY
746125,2,6,HOME
746526,4,4,TIE
746525,3,13,HOME
746933,3,4,HOME
746931,5,6,HOME
746928,1,12,HOME
746926,7,3,AWAY
746925,2,1,AWAY
744986,7,3,AWAY
744987,3,4,HOME
744979,3,2,AWAY
746276,2,2,TIE
746273,3,3,TIE
746272,4,7,HOME
746923,6,0,AWAY
746921,1,3,HOME
746924,0,6,HOME
746919,1,2,HOME
747002,1,3,HOME
747001,8,6,AWAY
746999,0,1,HOME
746349,5,5,TIE
746350,2,1,AWAY
746920,2,1,AWAY
746917,2,0,AWAY
746918,3,4,HOME
746915,5,1,AWAY
746916,1,6,HOME
746913,0,1,HOME
746914,1,0,AWAY
746433,3,0,AWAY
746426,1,2,HOME
745779,1,4,HOME
745778,1,2,HOME
745776,3,4,HOME
746912,1,1,TIE
746911,2,7,HOME
746910,0,1,HOME
746907,3,1,AWAY
746908,1,2,HOME
745695,1,1,TIE
745696,0,0,TIE
745689,7,1,AWAY
745693,2,4,HOME
745044,2,5,HOME
745040,0,1,HOME
745041,0,1,HOME
746905,0,1,HOME
746903,1,8,HOME
746906,2,3,HOME
744885,3,0,AWAY
744876,0,3,HOME
744877,0,4,HOME
746904,0,0,TIE
746902,6,1,AWAY
746901,1,3,HOME
745528,4,1,AWAY
745530,0,0,TIE
745773,1,0,AWAY
745769,3,9,HOME
745770,8,2,AWAY
745768,2,2,TIE
745767,1,1,TIE
747068,0,5,HOME
745931,0,2,HOME
745932,4,0,AWAY
747139,0,2,HOME
747064,0,1,HOME
745604,0,2,HOME
745599,7,4,AWAY
745602,3,2,AWAY
746817,4,0,AWAY
746814,0,0,TIE
747143,5,2,AWAY
747140,8,5,AWAY
747141,2,3,HOME
747142,4,4,TIE
747138,0,5,HOME
747137,7,3,AWAY
746084,2,0,AWAY
746082,0,5,HOME
746079,5,4,AWAY
746400,1,0,AWAY
747136,1,3,HOME
747135,2,3,HOME
747133,4,3,AWAY
747134,0,3,HOME
747130,0,2,HOME
747132,1,3,HOME
747129,1,4,HOME
747131,0,0,TIE
747125,2,1,AWAY
745263,0,0,TIE
745260,0,3,HOME
745261,5,1,AWAY
746152,1,2,HOME
746155,1,7,HOME
746153,0,2,HOME
745827,4,0,AWAY
745828,3,0,AWAY
745825,1,1,TIE
747128,0,0,TIE
747124,0,7,HOME
747122,3,1,AWAY
747120,8,0,AWAY
747119,1,5,HOME
747121,0,3,HOME
746875,3,2,AWAY
746876,2,0,AWAY
746874,1,0,AWAY
745501,0,7,HOME
745493,1,3,HOME
745498,4,1,AWAY
745117,1,5,HOME
745119,0,3,HOME
745111,0,5,HOME
746576,2,1,AWAY
746575,1,4,HOME
746250,4,3,AWAY
746247,4,1,AWAY
745112,1,2,HOME
745106,0,1,HOME
745108,3,1,AWAY
745760,0,0,TIE
745099,3,4,HOME
746803,4,6,HOME
745999,1,0,AWAY
745101,7,9,HOME
745100,1,1,TIE
745094,1,0,AWAY
745096,2,4,HOME
744938,0,4,HOME
745086,2,2,TIE
745091,0,0,TIE
745084,1,1,TIE
746056,5,3,AWAY
745082,1,0,AWAY
745077,1,0,AWAY
747112,1,7,HOME
747109,6,2,AWAY
745893,6,6,TIE
745887,1,2,HOME
745485,1,1,TIE
745073,0,1,HOME
746282,1,0,AWAY
746285,8,4,AWAY
745074,1,4,HOME
745065,3,5,HOME
745064,0,2,HOME
745066,0,1,HOME
745722,3,0,AWAY
744904,3,0,AWAY
744905,1,2,HOME
745068,2,2,TIE
745386,1,7,HOME
745388,1,1,TIE
745467,4,0,AWAY
745466,4,0,AWAY
746032,0,2,HOME
746025,1,5,HOME
745382,0,2,HOME
746515,5,0,AWAY
745380,2,5,HOME
745378,0,6,HOME
745376,1,0,AWAY
745132,4,5,HOME
745134,2,3,HOME
745048,3,0,AWAY
745373,0,1,HOME
745370,5,5,TIE
745369,0,3,HOME
745368,6,1,AWAY
745210,3,2,AWAY
745286,4,0,AWAY
745287,0,0,TIE
745367,0,2,HOME
745364,0,0,TIE
745360,0,4,HOME
746093,4,1,AWAY
747145,5,2,AWAY
745848,2,1,AWAY
745850,6,2,AWAY
745845,3,1,AWAY
746009,1,3,HOME
746008,1,3,HOME
746007,0,3,HOME
746006,3,0,AWAY
746003,2,10,HOME
746735,3,9,HOME
746732,5,1,AWAY
746728,6,2,AWAY
747055,7,1,AWAY
747054,8,5,AWAY
747056,3,3,TIE
746002,7,3,AWAY
746004,4,1,AWAY
746005,0,0,TIE
745189,1,0,AWAY
745190,5,4,AWAY
745192,0,0,TIE
745519,1,1,TIE
745516,0,1,HOME
745513,3,2,AWAY
745512,4,5,HOME
746000,5,4,AWAY
745998,7,1,AWAY
746001,4,4,TIE
745997,1,6,HOME
745996,0,2,HOME
746890,0,0,TIE
746884,0,4,HOME
746883,0,3,HOME
746313,2,0,AWAY
746315,2,4,HOME
746312,1,2,HOME
745995,1,6,HOME
745993,0,7,HOME
745994,2,1,AWAY
745990,2,3,HOME
745991,3,0,AWAY
745989,2,4,HOME
745992,1,7,HOME
746389,4,2,AWAY
746066,1,0,AWAY
746058,4,2,AWAY
746063,0,1,HOME
745986,0,0,TIE
745987,1,0,AWAY
745988,4,7,HOME
745985,1,3,HOME
745983,5,4,AWAY
745980,3,1,AWAY
745984,3,4,HOME
745569,0,3,HOME
745568,1,0,AWAY
745570,0,2,HOME
746466,10,0,AWAY
746461,3,4,HOME
746463,0,10,HOME
745982,1,2,HOME
745981,2,0,AWAY
745978,1,0,AWAY
745979,5,2,AWAY
745977,3,1,AWAY
746215,3,5,HOME
746217,5,0,AWAY
746219,1,0,AWAY
745401,3,5,HOME
745403,4,3,AWAY
745402,0,4,HOME
745396,5,1,AWAY
745974,2,1,AWAY
745973,1,2,HOME
745975,5,5,TIE
745970,2,4,HOME
745972,3,3,TIE
745971,1,7,HOME
746535,4,5,HOME
746537,1,2,HOME
746534,3,0,AWAY
746532,2,3,HOME
746127,5,4,AWAY
746129,2,3,HOME
746122,4,0,AWAY
745968,2,2,TIE
745969,0,5,HOME
745967,0,0,TIE
745880,1,0,AWAY
745882,4,5,HOME
746850,0,2,HOME
746848,0,0,TIE
746851,1,2,HOME
745964,5,2,AWAY
745966,2,3,HOME
745961,1,6,HOME
745959,2,1,AWAY
745958,5,0,AWAY
745960,2,2,TIE
747086,7,0,AWAY
747085,3,4,HOME
747081,13,3,AWAY
745957,0,8,HOME
745955,0,0,TIE
745956,3,2,AWAY
745953,4,0,AWAY
745954,7,1,AWAY
745951,3,4,HOME
745950,3,3,TIE
745949,0,5,HOME
745952,1,2,HOME
745948,0,2,HOME
745136,2,0,AWAY
745138,1,2,HOME
745137,0,0,TIE
745625,7,3,AWAY
745617,5,1,AWAY
745618,2,4,HOME
745946,3,2,AWAY
745943,0,5,HOME
745945,0,6,HOME
746730,4,4,TIE
746665,1,0,AWAY
746667,3,2,AWAY
746669,3,3,TIE
745947,2,5,HOME
745944,3,3,TIE
745938,2,0,AWAY
745941,0,1,HOME
745942,1,5,HOME
745940,4,1,AWAY
745291,2,1,AWAY
745285,1,10,HOME
745288,0,0,TIE
747153,2,1,AWAY
747148,12,0,AWAY
747151,3,5,HOME
745939,1,3,HOME
745935,1,1,TIE
745933,1,1,TIE
745934,4,4,TIE
745936,3,0,AWAY
745929,8,3,AWAY
745441,4,2,AWAY
745442,1,2,HOME
745443,3,0,AWAY
745930,2,6,HOME
745682,5,2,AWAY
745683,0,3,HOME
746497,0,3,HOME
746498,2,0,AWAY
745029,1,0,AWAY
745677,1,0,AWAY
745671,3,5,HOME
746651,2,4,HOME
745754,3,4,HOME
745755,3,1,AWAY
747045,4,6,HOME
745670,0,3,HOME
745665,0,3,HOME
745669,0,2,HOME
745664,4,5,HOME
745262,2,1,AWAY
746310,0,1,HOME
746306,1,4,HOME
745662,3,1,AWAY
745661,2,1,AWAY
745658,0,2,HOME
745081,4,3,AWAY
747111,8,9,HOME
747110,0,1,HOME
745654,0,2,HOME
745655,0,0,TIE
745651,2,0,AWAY
745404,1,3,HOME
745892,4,1,AWAY
745891,5,6,HOME
745650,3,7,HOME
745646,1,2,HOME
745649,1,4,HOME
745648,1,0,AWAY
746212,1,0,AWAY
747182,1,1,TIE
745641,0,3,HOME
745639,3,1,AWAY
745549,2,6,HOME
745640,2,6,HOME
745638,1,7,HOME
745635,0,4,HOME
746199,6,5,AWAY
746203,3,1,AWAY
745309,4,0,AWAY
745631,2,6,HOME
745627,3,2,AWAY
745628,1,3,HOME
744900,1,1,TIE
745788,7,4,AWAY
744965,3,5,HOME
745856,4,8,HOME
745857,2,4,HOME
746177,4,2,AWAY
746180,5,0,AWAY
746179,7,2,AWAY
746176,0,3,HOME
746172,1,0,AWAY
746738,0,7,HOME
744871,2,3,HOME
746629,2,3,HOME
744818,2,1,AWAY
744816,5,0,AWAY
745801,4,6,HOME
745479,2,4,HOME
747060,1,7,HOME
747063,1,3,HOME
747062,4,1,AWAY
746085,2,4,HOME
746083,6,2,AWAY
745105,2,1,AWAY
745104,0,2,HOME
746729,1,1,TIE
746242,3,0,AWAY
746246,3,7,HOME
746244,2,0,AWAY
746243,3,0,AWAY
746245,10,4,AWAY
746237,5,4,AWAY
746236,4,2,AWAY
746239,3,1,AWAY
746238,2,1,AWAY
746645,6,0,AWAY
746644,1,3,HOME
746643,1,0,AWAY
745509,0,4,HOME
745508,5,0,AWAY
745507,2,4,HOME
746241,6,0,AWAY
746240,0,1,HOME
746232,1,5,HOME
746234,4,0,AWAY
746233,0,4,HOME
746235,5,5,TIE
745016,6,1,AWAY
745013,1,0,AWAY
745012,0,1,HOME
746390,8,6,AWAY
746227,10,2,AWAY
746226,4,3,AWAY
746230,2,2,TIE
746229,3,2,AWAY
746228,1,0,AWAY
746225,2,1,AWAY
745253,0,4,HOME
745251,0,5,HOME
745252,0,1,HOME
746224,1,1,TIE
746222,1,1,TIE
746221,0,3,HOME
747190,2,5,HOME
747193,7,0,AWAY
747192,1,4,HOME
745326,8,1,AWAY
745329,1,3,HOME
745321,2,9,HOME
746131,0,2,HOME
746132,1,7,HOME
746218,1,4,HOME
746213,3,5,HOME
746210,0,5,HOME
746214,2,2,TIE
746211,3,2,AWAY
746209,7,0,AWAY
745647,1,4,HOME
745643,0,3,HOME
746859,1,4,HOME
746856,7,0,AWAY
746855,0,3,HOME
746208,7,3,AWAY
746206,4,4,TIE
746204,7,0,AWAY
746207,4,4,TIE
746202,1,2,HOME
746201,0,0,TIE
745633,2,3,HOME
745232,0,1,HOME
745227,5,1,AWAY
745231,0,1,HOME
746200,2,4,HOME
746195,6,8,HOME
746197,6,7,HOME
746198,1,1,TIE
746196,2,2,TIE
746193,3,1,AWAY
746194,0,2,HOME
746191,2,3,HOME
745709,0,5,HOME
745713,8,2,AWAY
745710,8,1,AWAY
746192,4,1,AWAY
746187,5,0,AWAY
746189,2,2,TIE
746190,9,0,AWAY
746186,2,1,AWAY
746270,0,3,HOME
746266,2,2,TIE
746267,0,2,HOME
744894,0,5,HOME
744889,4,2,AWAY
744890,0,2,HOME
744892,1,2,HOME
746429,2,3,HOME
746430,0,3,HOME
746432,3,0,AWAY
746184,7,4,AWAY
746182,4,1,AWAY
746183,2,3,HOME
746185,2,2,TIE
746178,0,7,HOME
744966,1,3,HOME
744967,2,0,AWAY
744898,2,2,TIE
745457,8,2,AWAY
746670,6,4,AWAY
746668,2,5,HOME
745774,0,0,TIE
745855,1,1,TIE
746663,8,2,AWAY
745445,1,2,HOME
745435,4,1,AWAY
745436,3,0,AWAY
745438,2,12,HOME
746170,0,3,HOME
746169,2,5,HOME
746163,1,4,HOME
745361,2,1,AWAY
745359,4,0,AWAY
745362,1,0,AWAY
745363,6,1,AWAY
745110,4,1,AWAY
746080,1,3,HOME
746081,2,2,TIE
746076,1,0,AWAY
745356,0,1,HOME
745352,5,1,AWAY
745354,3,5,HOME
745353,1,2,HOME
745351,1,4,HOME
745348,0,3,HOME
745346,6,0,AWAY
745347,0,0,TIE
745350,0,0,TIE
745589,2,4,HOME
745583,3,9,HOME
745587,1,5,HOME
746559,4,0,AWAY
746562,7,3,AWAY
746563,1,7,HOME
746867,2,2,TIE
746864,0,3,HOME
745164,3,6,HOME
745323,4,1,AWAY
745324,3,0,AWAY
745319,2,1,AWAY
745317,6,6,TIE
745320,1,9,HOME
747102,2,2,TIE
747100,0,3,HOME
747103,3,2,AWAY
746620,4,1,AWAY
746615,3,4,HOME
746616,3,2,AWAY
746119,2,1,AWAY
746117,2,4,HOME
746364,1,0,AWAY
745389,5,3,AWAY
745636,2,0,AWAY
746116,2,4,HOME
746120,1,0,AWAY
746112,0,4,HOME
746114,2,4,HOME
745140,2,4,HOME
745139,2,0,AWAY
747146,0,0,TIE
747147,1,7,HOME
747058,3,3,TIE
745522,0,3,HOME
745523,2,1,AWAY
747053,2,6,HOME
747049,0,1,HOME
746325,0,1,HOME
746324,7,0,AWAY
747050,1,2,HOME
747047,1,4,HOME
747044,1,7,HOME
747041,4,3,AWAY
747040,0,1,HOME
747037,2,5,HOME
745181,0,5,HOME
745180,1,1,TIE
746794,0,3,HOME
747029,5,9,HOME
744930,5,2,AWAY
744923,0,4,HOME
745085,2,0,AWAY
747028,0,2,HOME
747025,2,1,AWAY
745733,0,4,HOME
745734,11,5,AWAY
746373,0,5,HOME
747021,2,2,TIE
747016,8,2,AWAY
745234,4,0,AWAY
745236,2,2,TIE
747014,7,2,AWAY
747012,3,1,AWAY
747013,6,1,AWAY
744990,6,1,AWAY
744991,0,3,HOME
746036,3,6,HOME
746035,0,3,HOME
747010,0,2,HOME
747007,3,10,HOME
747003,3,9,HOME
744899,2,5,HOME
745780,1,3,HOME
746996,1,0,AWAY
746103,4,6,HOME
746102,3,5,HOME
746507,5,5,TIE
746992,2,5,HOME
746990,6,1,AWAY
746989,0,0,TIE
746419,0,2,HOME
746987,4,0,AWAY
746983,2,1,AWAY
746982,3,3,TIE
745688,2,1,AWAY
745690,8,3,AWAY
745849,8,0,AWAY
747123,5,0,AWAY
747116,1,3,HOME
746949,3,3,TIE
746950,0,6,HOME
747027,0,3,HOME
747026,3,0,AWAY
747113,1,5,HOME
747108,0,0,TIE
747107,0,2,HOME
747106,0,7,HOME
745729,8,1,AWAY
745731,1,4,HOME
745727,3,0,AWAY
745160,1,4,HOME
745157,4,2,AWAY
745158,0,2,HOME
746816,0,1,HOME
747105,0,6,HOME
747104,1,1,TIE
747101,4,1,AWAY
747097,3,2,AWAY
747099,1,5,HOME
747098,0,5,HOME
747181,1,0,AWAY
747180,2,0,AWAY
747179,3,3,TIE
747178,0,1,HOME
745390,4,1,AWAY
745392,0,2,HOME
745385,2,1,AWAY
747093,0,0,TIE
747096,6,2,AWAY
747094,4,2,AWAY
746013,2,4,HOME
746012,2,1,AWAY
746010,3,2,AWAY
747065,0,2,HOME
747066,1,1,TIE
747061,4,2,AWAY
746333,0,0,TIE
745926,3,1,AWAY
745924,6,0,AWAY
745923,2,3,HOME
746489,2,2,TIE
745915,2,4,HOME
745902,6,2,AWAY
745903,2,3,HOME
745898,4,3,AWAY
745738,5,8,HOME
745492,0,0,TIE
745491,3,4,HOME
745896,2,8,HOME
745894,2,4,HOME
745895,0,4,HOME
747188,1,4,HOME
745238,0,1,HOME
745239,2,1,AWAY
745886,3,3,TIE
745885,3,7,HOME
746771,2,2,TIE
746773,0,2,HOME
745311,2,2,TIE
745314,0,2,HOME
745878,0,0,TIE
745787,0,2,HOME
745875,2,4,HOME
745879,3,8,HOME
746847,2,0,AWAY
745927,0,3,HOME
745872,1,1,TIE
744980,2,2,TIE
744977,1,2,HOME
744975,4,0,AWAY
745870,3,1,AWAY
745864,4,0,AWAY
745866,1,0,AWAY
745046,4,3,AWAY
746258,0,2,HOME
745852,2,1,AWAY
745854,3,3,TIE
745853,4,0,AWAY
745846,3,2,AWAY
745521,4,8,HOME
746822,0,1,HOME
746820,0,0,TIE
747224,1,16,HOME
747221,7,4,AWAY
747220,0,3,HOME
747219,2,2,TIE
746569,4,3,AWAY
746571,3,1,AWAY
746573,2,3,HOME
747217,6,6,TIE
747216,0,5,HOME
747213,1,1,TIE
747214,5,8,HOME
747212,2,2,TIE
745188,1,0,AWAY
745266,0,1,HOME
747211,6,4,AWAY
747210,1,1,TIE
747207,6,0,AWAY
747208,7,1,AWAY
747209,3,0,AWAY
747206,4,11,HOME
746715,1,1,TIE
747043,1,3,HOME
747205,4,2,AWAY
747201,11,0,AWAY
747198,2,4,HOME
746143,3,0,AWAY
747200,3,0,AWAY
747197,0,0,TIE
745017,2,4,HOME
745011,0,4,HOME
745819,2,1,AWAY
745812,4,1,AWAY
745813,3,4,HOME
747194,1,2,HOME
747196,2,4,HOME
747195,6,3,AWAY
745406,0,3,HOME
745410,1,12,HOME
747189,1,10,HOME
744842,1,0,AWAY
744841,4,1,AWAY
745562,4,2,AWAY
745564,1,8,HOME
745566,0,1,HOME
747185,13,5,AWAY
747183,3,2,AWAY
747186,0,3,HOME
747163,1,6,HOME
745054,2,1,AWAY
745051,0,5,HOME
746298,1,3,HOME
746293,0,1,HOME
746292,1,7,HOME
745660,2,0,AWAY
745656,4,1,AWAY
745637,5,0,AWAY
745552,4,2,AWAY
745632,1,6,HOME
745629,2,1,AWAY
744897,0,0,TIE
745783,5,6,HOME
745626,0,1,HOME
745612,4,2,AWAY
745611,1,1,TIE
745616,3,0,AWAY
746740,0,3,HOME
746830,4,2,AWAY
745606,1,1,TIE
745608,5,2,AWAY
745605,3,3,TIE
745202,0,2,HOME
745203,2,3,HOME
745115,7,1,AWAY
745113,1,7,HOME
745758,0,0,TIE
745098,2,7,HOME
745092,6,0,AWAY
744934,0,0,TIE
745087,5,1,AWAY
745060,3,1,AWAY
746356,1,0,AWAY
745056,4,3,AWAY
746111,3,3,TIE
745211,1,5,HOME
745045,0,8,HOME
745534,0,0,TIE
746584,0,1,HOME
745043,0,0,TIE
746415,3,0,AWAY
745550,3,3,TIE
745225,5,1,AWAY
747169,0,1,HOME
746263,3,2,AWAY
745526,6,2,AWAY
745193,10,1,AWAY
745820,4,8,HOME
745275,8,0,AWAY
746653,5,5,TIE
746648,4,4,TIE
746403,2,1,AWAY
746638,8,7,AWAY
746798,4,0,AWAY
746642,0,7,HOME
746551,2,7,HOME
746053,2,2,TIE
744924,3,0,AWAY
746626,3,5,HOME
747022,8,6,AWAY
746290,0,4,HOME
746600,2,3,HOME
746596,5,4,AWAY
745687,6,0,AWAY
745684,7,3,AWAY
746493,6,0,AWAY
745030,1,2,HOME
745024,1,6,HOME
746650,1,7,HOME
746652,1,3,HOME
745757,0,0,TIE
745753,0,5,HOME
747052,0,5,HOME
745672,1,5,HOME
745673,2,3,HOME
745614,5,1,AWAY
745613,0,1,HOME
746741,2,3,HOME
746828,2,9,HOME
746831,1,3,HOME
745610,6,0,AWAY
745201,0,6,HOME
745039,1,1,TIE
745037,2,5,HOME
746899,0,0,TIE
746900,0,5,HOME
746896,3,0,AWAY
746895,0,7,HOME
745433,5,0,AWAY
745272,2,1,AWAY
745271,3,0,AWAY
746893,1,2,HOME
745829,1,0,AWAY
745830,4,2,AWAY
746885,0,1,HOME
745842,0,0,TIE
745844,0,3,HOME
745843,1,0,AWAY
746733,1,1,TIE
746731,5,2,AWAY
745838,1,5,HOME
745839,9,4,AWAY
745841,0,0,TIE
745840,0,0,TIE
745837,1,0,AWAY
745836,1,2,HOME
746160,4,2,AWAY
746156,2,2,TIE
746154,0,10,HOME
745835,4,1,AWAY
745833,6,4,AWAY
745834,1,0,AWAY
745832,0,1,HOME
745831,1,1,TIE
745103,5,4,AWAY
745182,3,0,AWAY
745186,6,3,AWAY
745826,1,3,HOME
745821,2,0,AWAY
745582,2,5,HOME
745580,2,0,AWAY
746065,0,4,HOME
746067,7,2,AWAY
746064,4,2,AWAY
746637,1,3,HOME
746633,2,5,HOME
746634,3,0,AWAY
745822,2,5,HOME
745823,0,1,HOME
745824,2,1,AWAY
745818,0,2,HOME
745816,2,0,AWAY
745817,3,3,TIE
744854,7,5,AWAY
745814,6,2,AWAY
745571,0,3,HOME
745815,3,2,AWAY
745811,4,6,HOME
745809,0,0,TIE
745810,1,2,HOME
745805,1,3,HOME
745807,2,7,HOME
745005,11,2,AWAY
745004,2,6,HOME
745002,1,1,TIE
746861,11,1,AWAY
746863,1,6,HOME
746862,4,0,AWAY
745806,1,6,HOME
745808,0,7,HOME
745804,2,2,TIE
745476,3,2,AWAY
745477,0,0,TIE
745480,0,2,HOME
745800,2,7,HOME
745798,3,4,HOME
745797,3,3,TIE
746040,2,5,HOME
746041,1,0,AWAY
746042,2,3,HOME
746034,5,2,AWAY
745715,1,1,TIE
745716,5,2,AWAY
745794,1,2,HOME
745792,2,8,HOME
745793,3,0,AWAY
745795,4,0,AWAY
745791,1,6,HOME
745789,7,2,AWAY
745184,5,0,AWAY
746519,3,5,HOME
746521,2,2,TIE
746522,7,1,AWAY
745220,0,2,HOME
745219,0,3,HOME
745216,0,4,HOME
745790,0,3,HOME
745784,3,7,HOME
745785,0,4,HOME
745786,1,1,TIE
745782,7,1,AWAY
745781,0,2,HOME
745379,3,1,AWAY
745377,5,1,AWAY
747162,8,0,AWAY
747161,4,4,TIE
747159,1,2,HOME
746749,4,1,AWAY
746751,4,2,AWAY
746750,1,0,AWAY
745777,2,2,TIE
745775,0,0,TIE
744888,1,0,AWAY
744886,1,5,HOME
744881,0,1,HOME
745529,6,0,AWAY
746295,4,0,AWAY
746294,8,0,AWAY
746130,0,1,HOME
746407,0,4,HOME
746408,8,3,AWAY
746399,2,0,AWAY
746394,3,0,AWAY
745752,1,7,HOME
745749,1,5,HOME
746480,2,8,HOME
746397,0,3,HOME
746391,0,8,HOME
746387,4,1,AWAY
746381,10,0,AWAY
746377,0,4,HOME
746783,0,2,HOME
746376,1,4,HOME
746372,0,5,HOME
746374,0,2,HOME
744913,5,7,HOME
744912,4,3,AWAY
746366,1,6,HOME
746369,1,1,TIE
746370,2,1,AWAY
745230,1,3,HOME
746365,3,1,AWAY
746358,2,1,AWAY
744983,1,0,AWAY
745058,6,1,AWAY
746357,4,1,AWAY
746351,2,2,TIE
746998,2,0,AWAY
745540,0,4,HOME
745541,6,0,AWAY
746348,0,0,TIE
746666,1,12,HOME
746343,0,4,HOME
746345,9,5,AWAY
746342,2,3,HOME
745365,0,0,TIE
746340,6,8,HOME
746338,2,8,HOME
746334,1,0,AWAY
744873,4,2,AWAY
745194,2,0,AWAY
745594,3,2,AWAY
745597,1,1,TIE
745591,1,5,HOME
745590,0,5,HOME
746725,2,1,AWAY
745428,4,3,AWAY
746071,6,0,AWAY
746068,3,6,HOME
745578,1,2,HOME
745573,1,4,HOME
746558,2,1,AWAY
745337,0,0,TIE
745574,1,3,HOME
745572,4,4,TIE
746951,4,1,AWAY
745567,1,6,HOME
746456,5,1,AWAY
745559,1,2,HOME
746858,1,2,HOME
745556,2,4,HOME
745558,1,2,HOME
745481,7,4,AWAY
745470,2,0,AWAY
745554,3,1,AWAY
745546,1,4,HOME
745224,0,9,HOME
746115,3,4,HOME
747166,2,8,HOME
745544,5,6,HOME
747083,1,1,TIE
746268,2,7,HOME
744891,4,6,HOME
746016,10,1,AWAY
746017,0,10,HOME
745535,3,4,HOME
745525,1,2,HOME
744797,0,7,HOME
744798,6,3,AWAY
745644,9,2,AWAY
745642,1,14,HOME
745630,2,0,AWAY
744971,1,2,HOME
744970,1,2,HOME
747095,4,0,AWAY
747091,9,4,AWAY
746476,0,0,TIE
745035,5,5,TIE
746897,5,6,HOME
745432,8,0,AWAY
746894,5,3,AWAY
746886,0,0,TIE
746879,3,0,AWAY
745506,2,2,TIE
745499,2,1,AWAY
745167,0,4,HOME
745897,0,2,HOME
745899,0,0,TIE
746545,1,1,TIE
746547,1,6,HOME
746546,1,0,AWAY
746543,3,1,AWAY
746538,6,4,AWAY
746539,5,0,AWAY
746991,0,9,HOME
746746,5,0,AWAY
746747,1,0,AWAY
746745,5,4,AWAY
746744,2,0,AWAY
745358,1,1,TIE
746743,0,0,TIE
746742,2,3,HOME
746414,1,0,AWAY
746416,5,4,AWAY
746898,0,7,HOME
745429,2,4,HOME
746892,1,8,HOME
746972,4,1,AWAY
746881,4,3,AWAY
746878,8,0,AWAY
746882,0,0,TIE
746880,3,1,AWAY
745176,3,2,AWAY
746870,5,5,TIE
746871,5,1,AWAY
746872,5,1,AWAY
746707,2,3,HOME
746704,0,3,HOME
746705,4,1,AWAY
745079,1,2,HOME
746869,0,0,TIE
746866,2,0,AWAY
746868,1,0,AWAY
745322,1,2,HOME
745325,3,4,HOME
746860,5,1,AWAY
747015,3,0,AWAY
745153,2,0,AWAY
745175,4,3,AWAY
746854,5,0,AWAY
746852,3,0,AWAY
746853,0,0,TIE
746277,0,6,HOME
746278,3,1,AWAY
746684,0,6,HOME
746683,0,5,HOME
746849,1,1,TIE
746846,1,4,HOME
746844,2,4,HOME
746840,2,4,HOME
746760,7,5,AWAY
746761,1,1,TIE
746603,3,7,HOME
746598,1,4,HOME
746843,2,4,HOME
746841,0,3,HOME
746838,1,0,AWAY
746839,1,2,HOME
746836,0,6,HOME
746024,3,3,TIE
746022,7,2,AWAY
746023,1,3,HOME
745458,3,2,AWAY
745461,9,2,AWAY
746833,0,3,HOME
746835,0,9,HOME
746832,3,0,AWAY
746827,1,2,HOME
746101,4,2,AWAY
746097,1,3,HOME
746100,7,7,TIE
746509,2,4,HOME
746508,2,0,AWAY
746506,2,1,AWAY
746826,1,0,AWAY
746825,0,5,HOME
746819,0,0,TIE
745028,1,2,HOME
746553,0,1,HOME
745014,6,3,AWAY
745576,3,6,HOME
746059,2,4,HOME
746061,3,0,AWAY
745010,3,0,AWAY
745008,2,2,TIE
746139,1,7,HOME
744993,2,10,HOME
745712,0,7,HOME
746599,1,9,HOME
746752,3,3,TIE
744969,4,1,AWAY
744968,0,1,HOME
744964,2,5,HOME
746810,6,2,AWAY
746793,4,3,AWAY
746791,3,1,AWAY
746790,2,0,AWAY
746784,7,0,AWAY
746787,2,3,HOME
745244,3,2,AWAY
746459,3,0,AWAY
746780,0,0,TIE
746775,4,3,AWAY
746778,3,2,AWAY
746617,5,1,AWAY
746619,1,7,HOME
746044,3,2,AWAY
746772,0,1,HOME
746766,1,0,AWAY
746287,0,0,TIE
744985,1,2,HOME
744989,2,3,HOME
746768,5,1,AWAY
746763,1,2,HOME
746762,2,5,HOME
746759,1,2,HOME
745297,2,2,TIE
746758,2,2,TIE
746753,1,2,HOME
746335,2,1,AWAY
746329,0,0,TIE
746807,1,2,HOME
746319,3,0,AWAY
746483,1,3,HOME
744945,3,5,HOME
744939,0,0,TIE
745259,0,2,HOME
746309,3,8,HOME
745904,0,5,HOME
746305,5,3,AWAY
746630,5,3,AWAY
746302,8,4,AWAY
746297,1,1,TIE
746296,6,0,AWAY
746135,1,2,HOME
745006,2,1,AWAY
744997,0,1,HOME
746289,6,2,AWAY
746978,5,0,AWAY
746786,1,5,HOME
746947,5,1,AWAY
744972,2,1,AWAY
747154,4,11,HOME
745905,2,3,HOME
746048,7,0,AWAY
746038,7,0,AWAY
744879,9,4,AWAY
746089,2,5,HOME
746091,4,1,AWAY
746087,5,2,AWAY
746090,4,6,HOME
746086,1,0,AWAY
745200,4,3,AWAY
745197,0,3,HOME
745198,7,1,AWAY
745761,0,7,HOME
745762,0,2,HOME
745763,4,0,AWAY
746891,2,1,AWAY
746073,5,0,AWAY
746070,4,4,TIE
745666,0,13,HOME
745667,5,2,AWAY
746149,3,6,HOME
746147,1,8,HOME
747199,1,3,HOME
745416,1,1,TIE
745412,0,3,HOME
746062,4,0,AWAY
746060,9,3,AWAY
746055,1,0,AWAY
746049,7,5,AWAY
746050,2,2,TIE
746052,2,0,AWAY
745565,0,3,HOME
745560,0,1,HOME
745555,6,3,AWAY
746252,0,5,HOME
746188,6,1,AWAY
744963,2,2,TIE
745742,2,0,AWAY
745657,2,0,AWAY
745409,1,3,HOME
745405,0,2,HOME
745645,2,0,AWAY
745551,4,1,AWAY
745306,0,1,HOME
745621,0,0,TIE
745620,0,3,HOME
745624,0,0,TIE
745622,2,1,AWAY
745623,1,3,HOME
744937,0,3,HOME
745088,0,0,TIE
747032,1,0,AWAY
747030,1,3,HOME
745052,10,4,AWAY
745050,2,9,HOME
745047,1,2,HOME
746993,0,1,HOME
746986,2,0,AWAY
746591,3,2,AWAY
746586,3,0,AWAY
746585,0,2,HOME
745038,1,3,HOME
745036,1,0,AWAY
746421,0,2,HOME
746420,1,3,HOME
747092,1,4,HOME
747089,3,1,AWAY
747087,3,3,TIE
747088,6,0,AWAY
746523,2,5,HOME
746520,6,5,AWAY
746517,3,2,AWAY
745300,0,0,TIE
745302,3,2,AWAY
745301,7,1,AWAY
745298,0,2,HOME
747084,0,2,HOME
747082,1,2,HOME
745865,9,3,AWAY
745531,3,0,AWAY
745533,4,1,AWAY
745532,0,1,HOME
745536,2,0,AWAY
747079,0,2,HOME
747075,2,4,HOME
747073,1,1,TIE
747074,1,3,HOME
747076,6,1,AWAY
747072,0,1,HOME
747090,1,0,AWAY
747069,2,5,HOME
747070,1,4,HOME
747071,1,2,HOME
747067,3,0,AWAY
746659,5,2,AWAY
746662,1,0,AWAY
746165,1,5,HOME
746167,0,5,HOME
746168,0,2,HOME
746166,2,0,AWAY
745437,4,1,AWAY
745439,1,2,HOME
745440,1,3,HOME
745195,0,3,HOME
745196,2,2,TIE
747215,1,1,TIE
745674,1,2,HOME
745191,3,0,AWAY
746477,0,1,HOME
746481,5,7,HOME
746478,1,3,HOME
745187,0,3,HOME
745183,3,5,HOME
745185,1,1,TIE
746231,0,4,HOME
745173,3,1,AWAY
745172,0,4,HOME
746708,1,3,HOME
745575,1,4,HOME
745174,3,0,AWAY
745169,5,4,AWAY
745166,1,0,AWAY
745170,0,0,TIE
745171,1,4,HOME
745168,3,3,TIE
746865,1,2,HOME
745163,4,5,HOME
745161,0,1,HOME
745159,8,1,AWAY
745154,0,1,HOME
745482,6,4,AWAY
745487,1,2,HOME
745484,1,1,TIE
745155,3,3,TIE
745156,5,4,AWAY
745152,2,11,HOME
745151,4,2,AWAY
745473,1,1,TIE
745475,1,0,AWAY
745472,0,5,HOME
745147,3,2,AWAY
745148,0,8,HOME
746845,1,5,HOME
745141,2,4,HOME
745142,1,5,HOME
745143,2,4,HOME
746275,3,5,HOME
746269,2,1,AWAY
746673,0,2,HOME
746677,0,7,HOME
745144,2,4,HOME
745868,0,5,HOME
745863,1,1,TIE
745133,7,2,AWAY
745135,1,2,HOME
745700,2,4,HOME
745699,4,1,AWAY
745701,7,5,AWAY
745131,1,0,AWAY
745125,0,0,TIE
745128,9,2,AWAY
745126,3,0,AWAY
745127,1,1,TIE
745129,0,1,HOME
744882,2,3,HOME
744884,1,1,TIE
744883,1,2,HOME
745130,0,1,HOME
745122,1,2,HOME
745121,2,4,HOME
745120,1,1,TIE
745123,3,1,AWAY
745124,1,2,HOME
745118,0,0,TIE
746504,2,3,HOME
746501,4,1,AWAY
745280,6,3,AWAY
746658,8,1,AWAY
746640,4,2,AWAY
746801,0,3,HOME
746797,1,2,HOME
745015,0,2,HOME
746641,1,0,AWAY
746636,1,2,HOME
746552,7,4,AWAY
746632,5,2,AWAY
746057,8,0,AWAY
746054,1,2,HOME
746702,3,1,AWAY
746701,2,1,AWAY
747019,2,2,TIE
746288,1,0,AWAY
746453,3,4,HOME
745116,1,1,TIE
745114,0,0,TIE
746574,3,0,AWAY
745889,2,2,TIE
746283,1,2,HOME
744992,0,3,HOME
745067,2,2,TIE
745721,0,5,HOME
745720,6,0,AWAY
745063,1,0,AWAY
746829,1,0,AWAY
745109,3,0,AWAY
745759,1,5,HOME
745107,5,0,AWAY
745102,1,0,AWAY
746808,0,2,HOME
746805,1,2,HOME
745095,0,4,HOME
745097,2,1,AWAY
745083,4,2,AWAY
745080,4,2,AWAY
745075,2,0,AWAY
745483,4,2,AWAY
745486,2,4,HOME
745078,1,1,TIE
744995,0,2,HOME
745069,2,1,AWAY
745717,1,5,HOME
744907,3,0,AWAY
746770,6,1,AWAY
745222,1,0,AWAY
745221,3,1,AWAY
745223,3,2,AWAY
745226,3,0,AWAY
746435,1,11,HOME
746436,1,0,AWAY
746437,1,0,AWAY
745462,2,3,HOME
745463,2,3,HOME
746109,0,0,TIE
746107,3,2,AWAY
746110,1,8,HOME
745217,3,1,AWAY
745218,3,2,AWAY
745212,2,2,TIE
745215,1,5,HOME
745213,0,0,TIE
745619,3,4,HOME
745615,2,2,TIE
745214,0,3,HOME
745208,1,4,HOME
745207,3,0,AWAY
745209,4,4,TIE
745206,0,3,HOME
745205,7,1,AWAY
745199,1,0,AWAY
745204,2,3,HOME
744960,4,2,AWAY
744958,2,2,TIE
744955,2,0,AWAY
746331,0,1,HOME
746072,0,2,HOME
745421,0,1,HOME
745422,1,0,AWAY
745419,0,4,HOME
745420,5,1,AWAY
745418,1,0,AWAY
746712,5,1,AWAY
746714,4,2,AWAY
745415,7,0,AWAY
745411,4,0,AWAY
745413,0,0,TIE
745414,6,1,AWAY
746303,0,0,TIE
746301,1,1,TIE
745408,3,3,TIE
745407,9,3,AWAY
745563,0,1,HOME
745561,1,1,TIE
744999,0,6,HOME
744998,3,4,HOME
744996,1,0,AWAY
745398,2,5,HOME
745395,2,1,AWAY
745391,1,1,TIE
745393,5,0,AWAY
745394,2,0,AWAY
746618,0,1,HOME
746613,3,0,AWAY
746610,2,0,AWAY
747006,4,0,AWAY
747008,3,6,HOME
745387,1,2,HOME
745384,1,3,HOME
745469,5,4,AWAY
746026,3,7,HOME
745383,0,0,TIE
745381,0,8,HOME
746518,3,6,HOME
746516,1,1,TIE
745374,3,1,AWAY
745375,10,1,AWAY
745371,0,4,HOME
745372,4,3,AWAY
745284,2,0,AWAY
746095,3,3,TIE
746088,1,0,AWAY
745937,3,0,AWAY
745598,1,2,HOME
746726,2,7,HOME
745025,1,1,TIE
745423,2,2,TIE
746717,2,2,TIE
747204,2,3,HOME
746142,0,3,HOME
746713,5,9,HOME
746877,2,3,HOME
746544,4,5,HOME
746695,4,1,AWAY
745730,5,0,AWAY
746691,1,0,AWAY
746274,2,3,HOME
746842,2,6,HOME
746601,1,1,TIE
745342,5,0,AWAY
746549,4,7,HOME
744925,0,5,HOME
744926,2,7,HOME
746627,6,1,AWAY
746624,1,7,HOME
746452,1,6,HOME
746612,4,1,AWAY
746609,3,0,AWAY
745553,0,7,HOME
746444,4,0,AWAY
746605,1,4,HOME
746608,3,2,AWAY
746604,4,2,AWAY
745704,0,7,HOME
746597,4,3,AWAY
746594,2,1,AWAY
746593,6,8,HOME
746590,1,0,AWAY
746264,2,0,AWAY
746262,1,4,HOME
746099,2,7,HOME
746588,3,1,AWAY
745444,1,2,HOME
746175,10,8,AWAY
746162,3,7,HOME
746164,1,3,HOME
745431,4,0,AWAY
745434,2,2,TIE
746565,1,1,TIE
746567,4,0,AWAY
746564,6,4,AWAY
745424,7,1,AWAY
745425,5,0,AWAY
745427,4,1,AWAY
745426,0,5,HOME
745417,5,0,AWAY
745454,1,3,HOME
745450,0,3,HOME
744801,1,3,HOME
746015,6,7,HOME
745851,4,1,AWAY
744880,2,0,AWAY
746467,0,7,HOME
746468,4,1,AWAY
745009,1,1,TIE
746457,0,9,HOME
745888,7,1,AWAY
745890,3,9,HOME
746455,0,0,TIE
746451,6,3,AWAY
745304,1,3,HOME
745303,5,2,AWAY
745503,4,2,AWAY
745500,1,5,HOME
744928,1,0,AWAY
744929,3,4,HOME
747171,4,6,HOME
747173,0,2,HOME
745474,1,1,TIE
745468,0,4,HOME
745464,8,0,AWAY
744976,3,4,HOME
744973,0,0,TIE
745460,5,4,AWAY
746821,1,0,AWAY
746818,4,6,HOME
746815,2,1,AWAY
745520,2,6,HOME
745517,1,2,HOME
746491,0,5,HOME
746490,2,1,AWAY
746492,3,0,AWAY
746488,1,0,AWAY
746486,2,1,AWAY
746487,1,1,TIE
746485,7,7,TIE
745922,3,2,AWAY
745921,0,4,HOME
745920,4,0,AWAY
746482,1,0,AWAY
746484,3,1,AWAY
745756,0,0,TIE
745751,0,2,HOME
746639,1,1,TIE
746471,3,3,TIE
746473,0,0,TIE
746472,2,0,AWAY
747202,0,0,TIE
746307,1,2,HOME
746304,0,4,HOME
746474,1,0,AWAY
746470,0,2,HOME
746469,3,8,HOME
745007,0,4,HOME
746450,2,3,HOME
746447,5,4,AWAY
744910,1,0,AWAY
744909,4,4,TIE
746611,1,1,TIE
746448,6,2,AWAY
746446,2,1,AWAY
746445,2,0,AWAY
746443,3,2,AWAY
746440,0,0,TIE
746439,0,2,HOME
745308,2,0,AWAY
746434,0,4,HOME
745349,1,3,HOME
745344,1,4,HOME
745502,1,5,HOME
745338,4,5,HOME
745331,3,1,AWAY
745332,4,3,AWAY
745001,3,1,AWAY
745003,2,7,HOME
745165,0,4,HOME
745316,0,1,HOME
745318,3,3,TIE
745313,5,2,AWAY
745312,0,4,HOME
746531,3,0,AWAY
746527,2,4,HOME
746528,3,2,AWAY
746124,1,1,TIE
746118,1,4,HOME
745315,1,6,HOME
745307,0,1,HOME
745305,1,3,HOME
746681,0,6,HOME
746680,2,2,TIE
745299,0,0,TIE
745296,2,1,AWAY
745292,4,5,HOME
745293,7,1,AWAY
745290,3,0,AWAY
745289,2,2,TIE
746985,2,3,HOME
746256,1,0,AWAY
746253,2,0,AWAY
747150,5,2,AWAY
747149,10,0,AWAY
747144,1,5,HOME
745281,2,4,HOME
747024,2,2,TIE
745732,4,1,AWAY
747020,1,8,HOME
747018,2,5,HOME
745691,0,1,HOME
744796,4,4,TIE
745282,3,0,AWAY
746284,0,7,HOME
746286,0,4,HOME
744988,2,2,TIE
744984,1,2,HOME
746767,10,0,AWAY
746765,2,2,TIE
745876,1,2,HOME
746757,3,0,AWAY
745294,1,4,HOME
745295,1,3,HOME
746756,9,3,AWAY
746755,1,1,TIE
746144,1,2,HOME
746146,1,6,HOME
746711,0,4,HOME
746140,4,0,AWAY
745494,3,8,HOME
745737,0,0,TIE
746137,3,1,AWAY
746542,2,7,HOME
746128,6,4,AWAY
746126,5,3,AWAY
746449,3,1,AWAY
746113,4,9,HOME
746106,0,1,HOME
747156,5,5,TIE
747155,3,1,AWAY
746104,0,0,TIE
746496,0,1,HOME
746654,0,4,HOME
746655,5,4,AWAY
746809,0,1,HOME
745588,2,6,HOME
745918,2,0,AWAY
746806,2,4,HOME
746800,2,4,HOME
745747,1,3,HOME
744933,0,9,HOME
745245,2,1,AWAY
747187,4,2,AWAY
746776,0,1,HOME
746623,1,3,HOME
746046,3,0,AWAY
746039,2,1,AWAY
745543,4,3,AWAY
747168,0,2,HOME
745548,3,0,AWAY
746018,3,5,HOME
747051,1,8,HOME
746317,1,3,HOME
744949,9,1,AWAY
744946,4,0,AWAY
744917,1,2,HOME
744920,3,2,AWAY
746621,5,6,HOME
744919,2,8,HOME
744922,1,3,HOME
745237,0,2,HOME
744908,3,5,HOME
744902,0,6,HOME
747005,1,6,HOME
745714,1,6,HOME
745718,2,0,AWAY
744901,0,0,TIE
744903,2,3,HOME
744896,1,10,HOME
744893,7,6,AWAY
745862,0,2,HOME
745859,11,0,AWAY
745861,1,0,AWAY
744959,0,0,TIE
744962,2,0,AWAY
744878,2,1,AWAY
745273,4,0,AWAY
745928,3,1,AWAY
746631,1,3,HOME
746625,0,6,HOME
746622,2,5,HOME
746614,2,3,HOME
746602,4,2,AWAY
745871,3,5,HOME
745707,3,3,TIE
746628,3,2,AWAY
744947,0,3,HOME
746151,1,1,TIE
746150,4,0,AWAY
746141,0,3,HOME
745495,10,4,AWAY
746136,3,0,AWAY
746777,4,0,AWAY
745557,1,9,HOME
747158,6,5,AWAY
747157,1,9,HOME
746494,6,2,AWAY
744809,2,5,HOME
744795,1,0,AWAY
747222,1,5,HOME
745265,1,2,HOME
746718,2,0,AWAY
747042,3,1,AWAY
747191,1,6,HOME
747184,8,1,AWAY
747218,5,1,AWAY
745595,1,2,HOME
745510,0,0,TIE
746774,2,1,AWAY
746769,4,3,AWAY
747174,3,1,AWAY
745471,5,3,AWAY
744978,3,0,AWAY
745465,0,6,HOME
745459,0,2,HOME
745446,1,6,HOME
745447,7,0,AWAY
745448,3,1,AWAY
745449,2,4,HOME
746661,0,8,HOME
746657,2,0,AWAY
745692,0,2,HOME
745686,4,4,TIE
744957,0,5,HOME
744951,1,3,HOME
745584,1,1,TIE
746788,3,0,AWAY
744921,1,3,HOME
744911,3,0,AWAY
744895,7,1,AWAY
744961,7,7,TIE
745607,5,1,AWAY
747059,2,0,AWAY
747048,2,0,AWAY
746719,4,0,AWAY
747038,2,1,AWAY
745741,0,2,HOME
745246,0,0,TIE
745247,2,3,HOME
746051,2,6,HOME
745076,2,2,TIE
745243,3,2,AWAY
745240,1,0,AWAY
745235,2,0,AWAY
746510,2,6,HOME
744803,1,2,HOME
746014,6,0,AWAY
746011,7,3,AWAY
745910,1,9,HOME
745746,0,3,HOME
745241,1,4,HOME
745511,0,0,TIE
745504,3,1,AWAY
746554,2,1,AWAY
746555,1,2,HOME
745335,4,6,HOME
745339,3,6,HOME
745336,1,3,HOME
746556,2,3,HOME
747160,3,2,AWAY
745702,0,2,HOME
746513,2,2,TIE
746512,2,3,HOME
746514,8,6,AWAY
746511,3,2,AWAY
746505,5,0,AWAY
746428,0,5,HOME
746427,1,2,HOME
746502,2,1,AWAY
746503,1,3,HOME
746500,6,2,AWAY
746094,2,3,HOME
746499,8,2,AWAY
746255,3,0,AWAY
745596,2,1,AWAY
745505,8,9,HOME
745497,0,1,HOME
745496,0,2,HOME
745490,1,4,HOME
745489,0,0,TIE
745478,0,0,TIE
745452,3,10,HOME
746592,0,3,HOME
746834,2,0,AWAY
746660,0,6,HOME
745685,4,1,AWAY
745277,2,5,HOME
744952,0,4,HOME
746572,6,2,AWAY
746566,4,7,HOME
746779,2,1,AWAY
746533,2,1,AWAY
746689,4,1,AWAY
746069,0,1,HOME
746291,1,0,AWAY
746045,2,1,AWAY
746685,3,7,HOME
746686,2,0,AWAY
746037,6,0,AWAY
747164,1,4,HOME
747165,3,1,AWAY
745049,1,4,HOME
746029,2,1,AWAY
746028,3,6,HOME
747152,0,4,HOME
745274,0,4,HOME
746873,5,3,AWAY
746857,2,8,HOME
746678,6,3,AWAY
746837,4,2,AWAY
745527,0,5,HOME
745283,4,2,AWAY
746981,3,1,AWAY
746997,0,0,TIE
746909,2,4,HOME
745061,4,2,AWAY
746030,3,3,TIE
746327,0,2,HOME
746328,1,1,TIE
746330,3,2,AWAY
746813,2,0,AWAY
745592,0,7,HOME
745917,3,1,AWAY
745919,3,6,HOME
746804,2,2,TIE
746802,0,3,HOME
745744,1,6,HOME
745745,2,7,HOME
744935,2,4,HOME
746792,5,2,AWAY
746460,1,2,HOME
746764,6,3,AWAY
746754,5,3,AWAY
746748,1,0,AWAY
746417,0,2,HOME
745603,2,0,AWAY
745268,2,5,HOME
745270,1,2,HOME
746727,0,0,TIE
746724,4,0,AWAY
745020,3,0,AWAY
746721,0,0,TIE
745345,3,5,HOME
746148,2,3,HOME
746710,1,2,HOME
746706,3,0,AWAY
746550,4,0,AWAY
745488,2,0,AWAY
746697,8,3,AWAY
745726,5,2,AWAY
746693,4,1,AWAY
746694,0,2,HOME
746690,4,7,HOME
746674,1,0,AWAY
746675,13,0,AWAY
746671,0,1,HOME
746672,2,0,AWAY
745858,10,1,AWAY
746583,0,2,HOME
746948,4,6,HOME
746946,2,5,HOME
746945,1,4,HOME
746524,6,0,AWAY
744956,0,4,HOME
746320,1,2,HOME
744942,2,0,AWAY
745586,0,8,HOME
744927,2,2,TIE
745233,1,4,HOME
747177,1,5,HOME
747176,7,7,TIE
744906,5,4,AWAY
747039,6,3,AWAY
745719,7,5,AWAY
745764,0,0,TIE
745907,3,0,AWAY
745697,1,0,AWAY
745925,1,2,HOME
746161,0,1,HOME
745343,2,3,HOME
745341,0,2,HOME
746145,3,1,AWAY
746138,1,4,HOME
745735,3,2,AWAY
745736,2,2,TIE
746134,3,3,TIE
746108,5,6,HOME
746105,3,2,AWAY
746098,0,2,HOME
746096,4,3,AWAY
746092,4,1,AWAY
745019,0,0,TIE
746589,3,2,AWAY
746582,2,1,AWAY
746581,1,4,HOME
745766,2,8,HOME
745765,2,5,HOME
744950,1,0,AWAY
744954,7,2,AWAY
744953,1,5,HOME
744944,1,3,HOME
744948,1,2,HOME
745430,5,1,AWAY
746321,2,3,HOME
744940,2,1,AWAY
744943,8,6,AWAY
744941,0,0,TIE
744936,3,0,AWAY
746475,0,6,HOME
744932,5,0,AWAY
744931,7,0,AWAY
745652,6,0,AWAY
745659,7,6,AWAY
747223,1,3,HOME
746568,0,0,TIE
745310,0,4,HOME
746425,4,7,HOME
746495,6,5,AWAY
746988,4,2,AWAY
746530,4,0,AWAY
746688,1,4,HOME
745585,0,5,HOME
745264,0,7,HOME
745593,0,2,HOME
746570,7,0,AWAY
746557,2,5,HOME
746529,0,3,HOME
745703,7,2,AWAY
745706,3,4,HOME
746332,0,10,HOME
746318,1,1,TIE
746311,7,2,AWAY
746314,0,2,HOME
745256,0,4,HOME
746308,2,3,HOME
746300,3,5,HOME
746299,0,2,HOME
745000,0,3,HOME
746281,5,1,AWAY
745867,2,8,HOME
746271,2,1,AWAY
746257,0,4,HOME
746259,2,0,AWAY
745694,3,0,AWAY
746260,4,6,HOME
744802,0,0,TIE
745668,15,2,AWAY
745255,1,7,HOME
745609,0,3,HOME
745874,2,6,HOME
745860,4,2,AWAY
745248,0,0,TIE
745242,0,2,HOME
745601,0,1,HOME
746723,4,0,AWAY
745333,4,0,AWAY
747023,2,8,HOME
746458,4,1,AWAY
746454,0,4,HOME
745881,2,3,HOME
745877,1,1,TIE
745547,7,2,AWAY
744799,0,0,TIE
745269,0,2,HOME
745906,1,4,HOME
745257,0,1,HOME
747035,1,5,HOME
745743,0,4,HOME
746929,4,2,AWAY
745524,2,1,AWAY
747011,4,0,AWAY
746423,0,1,HOME
746595,1,2,HOME
745149,1,8,HOME
745708,1,1,TIE
746789,0,0,TIE
745042,4,2,AWAY
746656,1,0,AWAY
745705,0,5,HOME
746587,2,1,AWAY
746578,4,3,AWAY
746033,7,2,AWAY
746027,5,2,AWAY
746021,1,0,AWAY
744800,1,2,HOME
746438,2,0,AWAY
746431,0,0,TIE
746422,1,0,AWAY
746261,1,1,TIE
746696,3,7,HOME
745451,3,6,HOME
746265,2,1,AWAY
746171,2,7,HOME
746606,6,5,AWAY
746984,0,5,HOME
747175,1,2,HOME
744887,3,2,AWAY
745901,2,1,AWAY
745900,6,1,AWAY
745739,0,3,HOME
745740,0,8,HOME
746579,2,1,AWAY
745847,2,0,AWAY
745062,3,0,AWAY
745057,1,0,AWAY
744916,7,1,AWAY
747046,0,1,HOME
745750,3,5,HOME
745909,5,1,AWAY
745908,3,0,AWAY
747009,2,3,HOME
745698,3,3,TIE
746249,4,1,AWAY
746173,4,2,AWAY
746174,1,0,AWAY
746811,5,0,AWAY
746205,2,5,HOME
745916,0,6,HOME
746785,2,4,HOME
747036,0,2,HOME
747017,0,2,HOME
744994,5,2,AWAY
745276,0,0,TIE
746254,4,1,AWAY
746133,2,2,TIE
746280,3,9,HOME
746279,3,4,HOME
745026,4,0,AWAY
745027,4,2,AWAY
745330,3,3,TIE
746424,1,2,HOME
746944,3,8,HOME
745912,0,1,HOME
745869,2,1,AWAY
744974,4,2,AWAY
745711,0,5,HOME
746441,2,0,AWAY
744918,5,1,AWAY
747034,0,7,HOME
746316,2,0,AWAY
747057,4,1,AWAY
746607,2,5,HOME
746442,3,1,AWAY
822971,5,0,AWAY
823460,2,2,TIE
824754,4,2,AWAY
822728,4,0,AWAY
823541,5,4,AWAY
824511,3,1,AWAY
824918,2,3,HOME
823700,3,6,HOME
823782,0,3,HOME
823052,2,2,TIE
824675,2,1,AWAY
824189,2,4,HOME
824026,8,2,AWAY
825079,4,2,AWAY
823129,2,7,HOME
822727,1,1,TIE
822973,6,2,AWAY
823701,4,0,AWAY
